round,player_name,position,card,player_id,timestamp
1,Ava,SOUTH,9,25102457,1776952748.6949024
1,Ava,SOUTH,9,25102457,1776952748.7677054
1,Alyssa,EAST,0,8d3094de,1776952748.7677054
1,Rita,NORTH,5,9666a52b,1776952748.7677054
1,Ava,SOUTH,9,25102457,1776952748.8501422
1,Alyssa,EAST,0,8d3094de,1776952748.8501422
1,Rita,NORTH,5,9666a52b,1776952748.8501422
1,Ava,SOUTH,9,25102457,1776952748.928074
1,Alyssa,EAST,0,8d3094de,1776952748.928074
1,Rita,NORTH,5,9666a52b,1776952748.928074
1,Serana,WEST,4,21a1c6c8,1776952748.928074
1,Ava,SOUTH,9,25102457,1776952749.0067682
1,Alyssa,EAST,0,8d3094de,1776952749.0067682
1,Rita,NORTH,5,9666a52b,1776952749.0067682
1,Serana,WEST,4,21a1c6c8,1776952749.0067682
1,Ava,SOUTH,9,25102457,1776952749.0800064
1,Alyssa,EAST,0,8d3094de,1776952749.0800064
1,Rita,NORTH,5,9666a52b,1776952749.0800064
1,Serana,WEST,4,21a1c6c8,1776952749.0800064
1,Ava,SOUTH,9,25102457,1776952749.1545722
1,Alyssa,EAST,0,8d3094de,1776952749.1545722
1,Rita,NORTH,5,9666a52b,1776952749.1545722
1,Serana,WEST,4,21a1c6c8,1776952749.1545722
1,Ava,SOUTH,9,25102457,1776952749.2386298
1,Alyssa,EAST,0,8d3094de,1776952749.2386298
1,Rita,NORTH,5,9666a52b,1776952749.2386298
1,Serana,WEST,4,21a1c6c8,1776952749.2386298
1,Ava,SOUTH,9,25102457,1776952749.3146243
1,Alyssa,EAST,0,8d3094de,1776952749.3146243
1,Rita,NORTH,5,9666a52b,1776952749.3146243
1,Serana,WEST,4,21a1c6c8,1776952749.3146243
1,Ava,SOUTH,9,25102457,1776952749.3917313
1,Alyssa,EAST,0,8d3094de,1776952749.3917313
1,Rita,NORTH,5,9666a52b,1776952749.3917313
1,Serana,WEST,4,21a1c6c8,1776952749.3917313
1,Ava,SOUTH,9,25102457,1776952749.473505
1,Alyssa,EAST,0,8d3094de,1776952749.473505
1,Rita,NORTH,5,9666a52b,1776952749.473505
1,Serana,WEST,4,21a1c6c8,1776952749.473505
1,Ava,SOUTH,9,25102457,1776952749.546896
1,Alyssa,EAST,0,8d3094de,1776952749.546896
1,Rita,NORTH,5,9666a52b,1776952749.546896
1,Serana,WEST,4,21a1c6c8,1776952749.546896
1,Ava,SOUTH,9,25102457,1776952749.6206446
1,Alyssa,EAST,0,8d3094de,1776952749.6206446
1,Rita,NORTH,5,9666a52b,1776952749.6206446
1,Serana,WEST,4,21a1c6c8,1776952749.6206446
1,Ava,SOUTH,9,25102457,1776952749.6962967
1,Alyssa,EAST,0,8d3094de,1776952749.6962967
1,Rita,NORTH,5,9666a52b,1776952749.6962967
1,Serana,WEST,4,21a1c6c8,1776952749.6962967
1,Ava,SOUTH,9,25102457,1776952749.7702754
1,Alyssa,EAST,0,8d3094de,1776952749.7702754
1,Rita,NORTH,5,9666a52b,1776952749.7702754
1,Serana,WEST,4,21a1c6c8,1776952749.7702754
1,Ava,SOUTH,9,25102457,1776952749.8465014
1,Alyssa,EAST,0,8d3094de,1776952749.8465014
1,Rita,NORTH,5,9666a52b,1776952749.8465014
1,Serana,WEST,4,21a1c6c8,1776952749.8465014
1,Ava,SOUTH,9,25102457,1776952749.9231315
1,Alyssa,EAST,0,8d3094de,1776952749.9231315
1,Rita,NORTH,5,9666a52b,1776952749.9231315
1,Serana,WEST,4,21a1c6c8,1776952749.9231315
1,Ava,SOUTH,9,25102457,1776952750.005123
1,Alyssa,EAST,0,8d3094de,1776952750.005123
1,Rita,NORTH,5,9666a52b,1776952750.005123
1,Serana,WEST,4,21a1c6c8,1776952750.005123
1,Ava,SOUTH,9,25102457,1776952750.0825331
1,Alyssa,EAST,0,8d3094de,1776952750.0825331
1,Rita,NORTH,5,9666a52b,1776952750.0825331
1,Serana,WEST,4,21a1c6c8,1776952750.0825331
1,Ava,SOUTH,9,25102457,1776952750.1582415
1,Alyssa,EAST,0,8d3094de,1776952750.1582415
1,Rita,NORTH,5,9666a52b,1776952750.1582415
1,Serana,WEST,4,21a1c6c8,1776952750.1582415
1,Ava,SOUTH,9,25102457,1776952750.2312407
1,Alyssa,EAST,0,8d3094de,1776952750.2312407
1,Rita,NORTH,5,9666a52b,1776952750.2312407
1,Serana,WEST,4,21a1c6c8,1776952750.2312407
1,Ava,SOUTH,9,25102457,1776952750.3059614
1,Alyssa,EAST,0,8d3094de,1776952750.3059614
1,Rita,NORTH,5,9666a52b,1776952750.3059614
1,Serana,WEST,4,21a1c6c8,1776952750.3059614
1,Ava,SOUTH,9,25102457,1776952750.3821044
1,Alyssa,EAST,0,8d3094de,1776952750.3821044
1,Rita,NORTH,5,9666a52b,1776952750.3821044
1,Serana,WEST,4,21a1c6c8,1776952750.3821044
1,Ava,SOUTH,9,25102457,1776952750.456972
1,Alyssa,EAST,0,8d3094de,1776952750.456972
1,Rita,NORTH,5,9666a52b,1776952750.456972
1,Serana,WEST,4,21a1c6c8,1776952750.456972
1,Ava,SOUTH,9,25102457,1776952750.540952
1,Alyssa,EAST,0,8d3094de,1776952750.540952
1,Rita,NORTH,5,9666a52b,1776952750.540952
1,Serana,WEST,4,21a1c6c8,1776952750.540952
2,Ava,SOUTH,19,25102457,1776952750.620072
2,Alyssa,EAST,10,8d3094de,1776952750.620072
2,Ava,SOUTH,19,25102457,1776952750.7112675
2,Alyssa,EAST,10,8d3094de,1776952750.7112675
2,Rita,NORTH,13,9666a52b,1776952750.7112675
2,Ava,SOUTH,19,25102457,1776952750.7893445
2,Alyssa,EAST,10,8d3094de,1776952750.7893445
2,Rita,NORTH,13,9666a52b,1776952750.7893445
2,Serana,WEST,17,21a1c6c8,1776952750.7893445
2,Ava,SOUTH,19,25102457,1776952750.8633575
2,Alyssa,EAST,10,8d3094de,1776952750.8633575
2,Rita,NORTH,13,9666a52b,1776952750.8633575
2,Serana,WEST,17,21a1c6c8,1776952750.8633575
2,Ava,SOUTH,19,25102457,1776952750.9364455
2,Alyssa,EAST,10,8d3094de,1776952750.9364455
2,Rita,NORTH,13,9666a52b,1776952750.9364455
2,Serana,WEST,17,21a1c6c8,1776952750.9364455
2,Ava,SOUTH,19,25102457,1776952751.0109012
2,Alyssa,EAST,10,8d3094de,1776952751.0109012
2,Rita,NORTH,13,9666a52b,1776952751.0109012
2,Serana,WEST,17,21a1c6c8,1776952751.0109012
2,Ava,SOUTH,19,25102457,1776952751.0837433
2,Alyssa,EAST,10,8d3094de,1776952751.0837433
2,Rita,NORTH,13,9666a52b,1776952751.0837433
2,Serana,WEST,17,21a1c6c8,1776952751.0837433
2,Ava,SOUTH,19,25102457,1776952751.1627917
2,Alyssa,EAST,10,8d3094de,1776952751.1627917
2,Rita,NORTH,13,9666a52b,1776952751.1627917
2,Serana,WEST,17,21a1c6c8,1776952751.1627917
2,Ava,SOUTH,19,25102457,1776952751.2390897
2,Alyssa,EAST,10,8d3094de,1776952751.2390897
2,Rita,NORTH,13,9666a52b,1776952751.2390897
2,Serana,WEST,17,21a1c6c8,1776952751.2390897
2,Ava,SOUTH,19,25102457,1776952751.3148909
2,Alyssa,EAST,10,8d3094de,1776952751.3148909
2,Rita,NORTH,13,9666a52b,1776952751.3148909
2,Serana,WEST,17,21a1c6c8,1776952751.3148909
2,Ava,SOUTH,19,25102457,1776952751.3893178
2,Alyssa,EAST,10,8d3094de,1776952751.3893178
2,Rita,NORTH,13,9666a52b,1776952751.3893178
2,Serana,WEST,17,21a1c6c8,1776952751.3893178
2,Ava,SOUTH,19,25102457,1776952751.462383
2,Alyssa,EAST,10,8d3094de,1776952751.462383
2,Rita,NORTH,13,9666a52b,1776952751.462383
2,Serana,WEST,17,21a1c6c8,1776952751.462383
2,Ava,SOUTH,19,25102457,1776952751.5399916
2,Alyssa,EAST,10,8d3094de,1776952751.5399916
2,Rita,NORTH,13,9666a52b,1776952751.5399916
2,Serana,WEST,17,21a1c6c8,1776952751.5399916
2,Ava,SOUTH,19,25102457,1776952751.619583
2,Alyssa,EAST,10,8d3094de,1776952751.619583
2,Rita,NORTH,13,9666a52b,1776952751.619583
2,Serana,WEST,17,21a1c6c8,1776952751.619583
2,Ava,SOUTH,19,25102457,1776952751.6991634
2,Alyssa,EAST,10,8d3094de,1776952751.6991634
2,Rita,NORTH,13,9666a52b,1776952751.6991634
2,Serana,WEST,17,21a1c6c8,1776952751.6991634
2,Ava,SOUTH,19,25102457,1776952751.77464
2,Alyssa,EAST,10,8d3094de,1776952751.77464
2,Rita,NORTH,13,9666a52b,1776952751.77464
2,Serana,WEST,17,21a1c6c8,1776952751.77464
2,Ava,SOUTH,19,25102457,1776952751.854013
2,Alyssa,EAST,10,8d3094de,1776952751.854013
2,Rita,NORTH,13,9666a52b,1776952751.854013
2,Serana,WEST,17,21a1c6c8,1776952751.854013
2,Ava,SOUTH,19,25102457,1776952751.9347336
2,Alyssa,EAST,10,8d3094de,1776952751.9347336
2,Rita,NORTH,13,9666a52b,1776952751.9347336
2,Serana,WEST,17,21a1c6c8,1776952751.9347336
2,Ava,SOUTH,19,25102457,1776952752.0082202
2,Alyssa,EAST,10,8d3094de,1776952752.0082202
2,Rita,NORTH,13,9666a52b,1776952752.0082202
2,Serana,WEST,17,21a1c6c8,1776952752.0082202
2,Ava,SOUTH,19,25102457,1776952752.0816653
2,Alyssa,EAST,10,8d3094de,1776952752.0816653
2,Rita,NORTH,13,9666a52b,1776952752.0816653
2,Serana,WEST,17,21a1c6c8,1776952752.0816653
2,Ava,SOUTH,19,25102457,1776952752.1551955
2,Alyssa,EAST,10,8d3094de,1776952752.1551955
2,Rita,NORTH,13,9666a52b,1776952752.1551955
2,Serana,WEST,17,21a1c6c8,1776952752.1551955
2,Ava,SOUTH,19,25102457,1776952752.2314289
2,Alyssa,EAST,10,8d3094de,1776952752.2314289
2,Rita,NORTH,13,9666a52b,1776952752.2314289
2,Serana,WEST,17,21a1c6c8,1776952752.2314289
2,Ava,SOUTH,19,25102457,1776952752.307793
2,Alyssa,EAST,10,8d3094de,1776952752.307793
2,Rita,NORTH,13,9666a52b,1776952752.307793
2,Serana,WEST,17,21a1c6c8,1776952752.307793
2,Ava,SOUTH,19,25102457,1776952752.382271
2,Alyssa,EAST,10,8d3094de,1776952752.382271
2,Rita,NORTH,13,9666a52b,1776952752.382271
2,Serana,WEST,17,21a1c6c8,1776952752.382271
3,Ava,SOUTH,35,25102457,1776952752.5384932
3,Alyssa,EAST,32,8d3094de,1776952752.5384932
3,Ava,SOUTH,35,25102457,1776952752.6186256
3,Alyssa,EAST,32,8d3094de,1776952752.6186256
3,Ava,SOUTH,35,25102457,1776952752.7059627
3,Alyssa,EAST,32,8d3094de,1776952752.7059627
3,Rita,NORTH,31,9666a52b,1776952752.7059627
3,Ava,SOUTH,35,25102457,1776952752.7869601
3,Alyssa,EAST,32,8d3094de,1776952752.7869601
3,Rita,NORTH,31,9666a52b,1776952752.7869601
3,Serana,WEST,33,21a1c6c8,1776952752.7869601
3,Ava,SOUTH,35,25102457,1776952752.8716674
3,Alyssa,EAST,32,8d3094de,1776952752.8716674
3,Rita,NORTH,31,9666a52b,1776952752.8716674
3,Serana,WEST,33,21a1c6c8,1776952752.8716674
3,Ava,SOUTH,35,25102457,1776952752.9479601
3,Alyssa,EAST,32,8d3094de,1776952752.9479601
3,Rita,NORTH,31,9666a52b,1776952752.9479601
3,Serana,WEST,33,21a1c6c8,1776952752.9479601
3,Ava,SOUTH,35,25102457,1776952753.025837
3,Alyssa,EAST,32,8d3094de,1776952753.025837
3,Rita,NORTH,31,9666a52b,1776952753.025837
3,Serana,WEST,33,21a1c6c8,1776952753.025837
3,Ava,SOUTH,35,25102457,1776952753.104218
3,Alyssa,EAST,32,8d3094de,1776952753.104218
3,Rita,NORTH,31,9666a52b,1776952753.104218
3,Serana,WEST,33,21a1c6c8,1776952753.104218
3,Ava,SOUTH,35,25102457,1776952753.1815763
3,Alyssa,EAST,32,8d3094de,1776952753.1815763
3,Rita,NORTH,31,9666a52b,1776952753.1815763
3,Serana,WEST,33,21a1c6c8,1776952753.1815763
3,Ava,SOUTH,35,25102457,1776952753.260579
3,Alyssa,EAST,32,8d3094de,1776952753.260579
3,Rita,NORTH,31,9666a52b,1776952753.260579
3,Serana,WEST,33,21a1c6c8,1776952753.260579
3,Ava,SOUTH,35,25102457,1776952753.337124
3,Alyssa,EAST,32,8d3094de,1776952753.337124
3,Rita,NORTH,31,9666a52b,1776952753.337124
3,Serana,WEST,33,21a1c6c8,1776952753.337124
3,Ava,SOUTH,35,25102457,1776952753.4116418
3,Alyssa,EAST,32,8d3094de,1776952753.4116418
3,Rita,NORTH,31,9666a52b,1776952753.4116418
3,Serana,WEST,33,21a1c6c8,1776952753.4116418
3,Ava,SOUTH,35,25102457,1776952753.4874463
3,Alyssa,EAST,32,8d3094de,1776952753.4874463
3,Rita,NORTH,31,9666a52b,1776952753.4874463
3,Serana,WEST,33,21a1c6c8,1776952753.4874463
3,Ava,SOUTH,35,25102457,1776952753.564805
3,Alyssa,EAST,32,8d3094de,1776952753.564805
3,Rita,NORTH,31,9666a52b,1776952753.564805
3,Serana,WEST,33,21a1c6c8,1776952753.564805
3,Ava,SOUTH,35,25102457,1776952753.6453161
3,Alyssa,EAST,32,8d3094de,1776952753.6453161
3,Rita,NORTH,31,9666a52b,1776952753.6453161
3,Serana,WEST,33,21a1c6c8,1776952753.6453161
3,Ava,SOUTH,35,25102457,1776952753.7215555
3,Alyssa,EAST,32,8d3094de,1776952753.7215555
3,Rita,NORTH,31,9666a52b,1776952753.7215555
3,Serana,WEST,33,21a1c6c8,1776952753.7215555
3,Ava,SOUTH,35,25102457,1776952753.7960773
3,Alyssa,EAST,32,8d3094de,1776952753.7960773
3,Rita,NORTH,31,9666a52b,1776952753.7960773
3,Serana,WEST,33,21a1c6c8,1776952753.7960773
3,Ava,SOUTH,35,25102457,1776952753.8777077
3,Alyssa,EAST,32,8d3094de,1776952753.8777077
3,Rita,NORTH,31,9666a52b,1776952753.8777077
3,Serana,WEST,33,21a1c6c8,1776952753.8777077
3,Ava,SOUTH,35,25102457,1776952753.956048
3,Alyssa,EAST,32,8d3094de,1776952753.956048
3,Rita,NORTH,31,9666a52b,1776952753.956048
3,Serana,WEST,33,21a1c6c8,1776952753.956048
3,Ava,SOUTH,35,25102457,1776952754.0296516
3,Alyssa,EAST,32,8d3094de,1776952754.0296516
3,Rita,NORTH,31,9666a52b,1776952754.0296516
3,Serana,WEST,33,21a1c6c8,1776952754.0296516
3,Ava,SOUTH,35,25102457,1776952754.1076667
3,Alyssa,EAST,32,8d3094de,1776952754.1076667
3,Rita,NORTH,31,9666a52b,1776952754.1076667
3,Serana,WEST,33,21a1c6c8,1776952754.1076667
3,Ava,SOUTH,35,25102457,1776952754.1852484
3,Alyssa,EAST,32,8d3094de,1776952754.1852484
3,Rita,NORTH,31,9666a52b,1776952754.1852484
3,Serana,WEST,33,21a1c6c8,1776952754.1852484
3,Ava,SOUTH,35,25102457,1776952754.259173
3,Alyssa,EAST,32,8d3094de,1776952754.259173
3,Rita,NORTH,31,9666a52b,1776952754.259173
3,Serana,WEST,33,21a1c6c8,1776952754.259173
3,Ava,SOUTH,35,25102457,1776952754.3410099
3,Alyssa,EAST,32,8d3094de,1776952754.3410099
3,Rita,NORTH,31,9666a52b,1776952754.3410099
3,Serana,WEST,33,21a1c6c8,1776952754.3410099
4,Ava,SOUTH,16,25102457,1776952754.5089302
4,Ava,SOUTH,16,25102457,1776952754.5854871
4,Alyssa,EAST,15,8d3094de,1776952754.5854871
4,Rita,NORTH,11,9666a52b,1776952754.5854871
4,Ava,SOUTH,16,25102457,1776952754.6621325
4,Alyssa,EAST,15,8d3094de,1776952754.6621325
4,Rita,NORTH,11,9666a52b,1776952754.6621325
4,Serana,WEST,18,21a1c6c8,1776952754.6621325
4,Ava,SOUTH,16,25102457,1776952754.7424555
4,Alyssa,EAST,15,8d3094de,1776952754.7424555
4,Rita,NORTH,11,9666a52b,1776952754.7424555
4,Serana,WEST,18,21a1c6c8,1776952754.7424555
4,Ava,SOUTH,16,25102457,1776952754.8269134
4,Alyssa,EAST,15,8d3094de,1776952754.8269134
4,Rita,NORTH,11,9666a52b,1776952754.8269134
4,Serana,WEST,18,21a1c6c8,1776952754.8269134
4,Ava,SOUTH,16,25102457,1776952754.9070385
4,Alyssa,EAST,15,8d3094de,1776952754.9070385
4,Rita,NORTH,11,9666a52b,1776952754.9070385
4,Serana,WEST,18,21a1c6c8,1776952754.9070385
4,Ava,SOUTH,16,25102457,1776952754.99067
4,Alyssa,EAST,15,8d3094de,1776952754.99067
4,Rita,NORTH,11,9666a52b,1776952754.99067
4,Serana,WEST,18,21a1c6c8,1776952754.99067
4,Ava,SOUTH,16,25102457,1776952755.070327
4,Alyssa,EAST,15,8d3094de,1776952755.070327
4,Rita,NORTH,11,9666a52b,1776952755.070327
4,Serana,WEST,18,21a1c6c8,1776952755.070327
4,Ava,SOUTH,16,25102457,1776952755.1560893
4,Alyssa,EAST,15,8d3094de,1776952755.1560893
4,Rita,NORTH,11,9666a52b,1776952755.1560893
4,Serana,WEST,18,21a1c6c8,1776952755.1560893
4,Ava,SOUTH,16,25102457,1776952755.2431533
4,Alyssa,EAST,15,8d3094de,1776952755.2431533
4,Rita,NORTH,11,9666a52b,1776952755.2431533
4,Serana,WEST,18,21a1c6c8,1776952755.2431533
4,Ava,SOUTH,16,25102457,1776952755.3168344
4,Alyssa,EAST,15,8d3094de,1776952755.3168344
4,Rita,NORTH,11,9666a52b,1776952755.3168344
4,Serana,WEST,18,21a1c6c8,1776952755.3168344
4,Ava,SOUTH,16,25102457,1776952755.390555
4,Alyssa,EAST,15,8d3094de,1776952755.390555
4,Rita,NORTH,11,9666a52b,1776952755.390555
4,Serana,WEST,18,21a1c6c8,1776952755.390555
4,Ava,SOUTH,16,25102457,1776952755.4654644
4,Alyssa,EAST,15,8d3094de,1776952755.4654644
4,Rita,NORTH,11,9666a52b,1776952755.4654644
4,Serana,WEST,18,21a1c6c8,1776952755.4654644
4,Ava,SOUTH,16,25102457,1776952755.5441968
4,Alyssa,EAST,15,8d3094de,1776952755.5441968
4,Rita,NORTH,11,9666a52b,1776952755.5441968
4,Serana,WEST,18,21a1c6c8,1776952755.5441968
4,Ava,SOUTH,16,25102457,1776952755.6213467
4,Alyssa,EAST,15,8d3094de,1776952755.6213467
4,Rita,NORTH,11,9666a52b,1776952755.6213467
4,Serana,WEST,18,21a1c6c8,1776952755.6213467
4,Ava,SOUTH,16,25102457,1776952755.6963775
4,Alyssa,EAST,15,8d3094de,1776952755.6963775
4,Rita,NORTH,11,9666a52b,1776952755.6963775
4,Serana,WEST,18,21a1c6c8,1776952755.6963775
4,Ava,SOUTH,16,25102457,1776952755.774285
4,Alyssa,EAST,15,8d3094de,1776952755.774285
4,Rita,NORTH,11,9666a52b,1776952755.774285
4,Serana,WEST,18,21a1c6c8,1776952755.774285
4,Ava,SOUTH,16,25102457,1776952755.848723
4,Alyssa,EAST,15,8d3094de,1776952755.848723
4,Rita,NORTH,11,9666a52b,1776952755.848723
4,Serana,WEST,18,21a1c6c8,1776952755.848723
4,Ava,SOUTH,16,25102457,1776952755.9235795
4,Alyssa,EAST,15,8d3094de,1776952755.9235795
4,Rita,NORTH,11,9666a52b,1776952755.9235795
4,Serana,WEST,18,21a1c6c8,1776952755.9235795
4,Ava,SOUTH,16,25102457,1776952755.9974568
4,Alyssa,EAST,15,8d3094de,1776952755.9974568
4,Rita,NORTH,11,9666a52b,1776952755.9974568
4,Serana,WEST,18,21a1c6c8,1776952755.9974568
4,Ava,SOUTH,16,25102457,1776952756.0716865
4,Alyssa,EAST,15,8d3094de,1776952756.0716865
4,Rita,NORTH,11,9666a52b,1776952756.0716865
4,Serana,WEST,18,21a1c6c8,1776952756.0716865
4,Ava,SOUTH,16,25102457,1776952756.1489794
4,Alyssa,EAST,15,8d3094de,1776952756.1489794
4,Rita,NORTH,11,9666a52b,1776952756.1489794
4,Serana,WEST,18,21a1c6c8,1776952756.1489794
4,Ava,SOUTH,16,25102457,1776952756.2241342
4,Alyssa,EAST,15,8d3094de,1776952756.2241342
4,Rita,NORTH,11,9666a52b,1776952756.2241342
4,Serana,WEST,18,21a1c6c8,1776952756.2241342
4,Ava,SOUTH,16,25102457,1776952756.3044934
4,Alyssa,EAST,15,8d3094de,1776952756.3044934
4,Rita,NORTH,11,9666a52b,1776952756.3044934
4,Serana,WEST,18,21a1c6c8,1776952756.3044934
5,Serana,WEST,24,21a1c6c8,1776952756.4888868
5,Serana,WEST,24,21a1c6c8,1776952756.5725212
5,Ava,SOUTH,20,25102457,1776952756.5725212
5,Alyssa,EAST,23,8d3094de,1776952756.5725212
5,Serana,WEST,24,21a1c6c8,1776952756.6506722
5,Ava,SOUTH,20,25102457,1776952756.6506722
5,Alyssa,EAST,23,8d3094de,1776952756.6506722
5,Rita,NORTH,26,9666a52b,1776952756.6506722
5,Serana,WEST,24,21a1c6c8,1776952756.7263532
5,Ava,SOUTH,20,25102457,1776952756.7263532
5,Alyssa,EAST,23,8d3094de,1776952756.7263532
5,Rita,NORTH,26,9666a52b,1776952756.7263532
5,Serana,WEST,24,21a1c6c8,1776952756.7990334
5,Ava,SOUTH,20,25102457,1776952756.7990334
5,Alyssa,EAST,23,8d3094de,1776952756.7990334
5,Rita,NORTH,26,9666a52b,1776952756.7990334
5,Serana,WEST,24,21a1c6c8,1776952756.874433
5,Ava,SOUTH,20,25102457,1776952756.874433
5,Alyssa,EAST,23,8d3094de,1776952756.874433
5,Rita,NORTH,26,9666a52b,1776952756.874433
5,Serana,WEST,24,21a1c6c8,1776952756.951705
5,Ava,SOUTH,20,25102457,1776952756.951705
5,Alyssa,EAST,23,8d3094de,1776952756.951705
5,Rita,NORTH,26,9666a52b,1776952756.951705
5,Serana,WEST,24,21a1c6c8,1776952757.0272558
5,Ava,SOUTH,20,25102457,1776952757.0272558
5,Alyssa,EAST,23,8d3094de,1776952757.0272558
5,Rita,NORTH,26,9666a52b,1776952757.0272558
5,Serana,WEST,24,21a1c6c8,1776952757.1064045
5,Ava,SOUTH,20,25102457,1776952757.1064045
5,Alyssa,EAST,23,8d3094de,1776952757.1064045
5,Rita,NORTH,26,9666a52b,1776952757.1064045
5,Serana,WEST,24,21a1c6c8,1776952757.182171
5,Ava,SOUTH,20,25102457,1776952757.182171
5,Alyssa,EAST,23,8d3094de,1776952757.182171
5,Rita,NORTH,26,9666a52b,1776952757.182171
5,Serana,WEST,24,21a1c6c8,1776952757.2584481
5,Ava,SOUTH,20,25102457,1776952757.2584481
5,Alyssa,EAST,23,8d3094de,1776952757.2584481
5,Rita,NORTH,26,9666a52b,1776952757.2584481
5,Serana,WEST,24,21a1c6c8,1776952757.3492193
5,Ava,SOUTH,20,25102457,1776952757.3492193
5,Alyssa,EAST,23,8d3094de,1776952757.3492193
5,Rita,NORTH,26,9666a52b,1776952757.3492193
5,Serana,WEST,24,21a1c6c8,1776952757.434509
5,Ava,SOUTH,20,25102457,1776952757.434509
5,Alyssa,EAST,23,8d3094de,1776952757.434509
5,Rita,NORTH,26,9666a52b,1776952757.434509
5,Serana,WEST,24,21a1c6c8,1776952757.5233011
5,Ava,SOUTH,20,25102457,1776952757.5233011
5,Alyssa,EAST,23,8d3094de,1776952757.5233011
5,Rita,NORTH,26,9666a52b,1776952757.5233011
5,Serana,WEST,24,21a1c6c8,1776952757.5992894
5,Ava,SOUTH,20,25102457,1776952757.5992894
5,Alyssa,EAST,23,8d3094de,1776952757.5992894
5,Rita,NORTH,26,9666a52b,1776952757.5992894
5,Serana,WEST,24,21a1c6c8,1776952757.673104
5,Ava,SOUTH,20,25102457,1776952757.673104
5,Alyssa,EAST,23,8d3094de,1776952757.673104
5,Rita,NORTH,26,9666a52b,1776952757.673104
5,Serana,WEST,24,21a1c6c8,1776952757.7487073
5,Ava,SOUTH,20,25102457,1776952757.7487073
5,Alyssa,EAST,23,8d3094de,1776952757.7487073
5,Rita,NORTH,26,9666a52b,1776952757.7487073
5,Serana,WEST,24,21a1c6c8,1776952757.8283432
5,Ava,SOUTH,20,25102457,1776952757.8283432
5,Alyssa,EAST,23,8d3094de,1776952757.8283432
5,Rita,NORTH,26,9666a52b,1776952757.8283432
5,Serana,WEST,24,21a1c6c8,1776952757.9012616
5,Ava,SOUTH,20,25102457,1776952757.9012616
5,Alyssa,EAST,23,8d3094de,1776952757.9012616
5,Rita,NORTH,26,9666a52b,1776952757.9012616
5,Serana,WEST,24,21a1c6c8,1776952757.9752948
5,Ava,SOUTH,20,25102457,1776952757.9752948
5,Alyssa,EAST,23,8d3094de,1776952757.9752948
5,Rita,NORTH,26,9666a52b,1776952757.9752948
5,Serana,WEST,24,21a1c6c8,1776952758.0516756
5,Ava,SOUTH,20,25102457,1776952758.0516756
5,Alyssa,EAST,23,8d3094de,1776952758.0516756
5,Rita,NORTH,26,9666a52b,1776952758.0516756
5,Serana,WEST,24,21a1c6c8,1776952758.133253
5,Ava,SOUTH,20,25102457,1776952758.133253
5,Alyssa,EAST,23,8d3094de,1776952758.133253
5,Rita,NORTH,26,9666a52b,1776952758.133253
5,Serana,WEST,24,21a1c6c8,1776952758.2234287
5,Ava,SOUTH,20,25102457,1776952758.2234287
5,Alyssa,EAST,23,8d3094de,1776952758.2234287
5,Rita,NORTH,26,9666a52b,1776952758.2234287
6,Rita,NORTH,6,9666a52b,1776952758.3896987
6,Serana,WEST,27,21a1c6c8,1776952758.3896987
6,Rita,NORTH,6,9666a52b,1776952758.4661927
6,Serana,WEST,27,21a1c6c8,1776952758.4661927
6,Ava,SOUTH,21,25102457,1776952758.4661927
6,Alyssa,EAST,1,8d3094de,1776952758.4661927
6,Rita,NORTH,6,9666a52b,1776952758.5492623
6,Serana,WEST,27,21a1c6c8,1776952758.5492623
6,Ava,SOUTH,21,25102457,1776952758.5492623
6,Alyssa,EAST,1,8d3094de,1776952758.5492623
6,Rita,NORTH,6,9666a52b,1776952758.6267617
6,Serana,WEST,27,21a1c6c8,1776952758.6267617
6,Ava,SOUTH,21,25102457,1776952758.6267617
6,Alyssa,EAST,1,8d3094de,1776952758.6267617
6,Rita,NORTH,6,9666a52b,1776952758.7056978
6,Serana,WEST,27,21a1c6c8,1776952758.7056978
6,Ava,SOUTH,21,25102457,1776952758.7056978
6,Alyssa,EAST,1,8d3094de,1776952758.7056978
6,Rita,NORTH,6,9666a52b,1776952758.7791793
6,Serana,WEST,27,21a1c6c8,1776952758.7791793
6,Ava,SOUTH,21,25102457,1776952758.7791793
6,Alyssa,EAST,1,8d3094de,1776952758.7791793
6,Rita,NORTH,6,9666a52b,1776952758.8570342
6,Serana,WEST,27,21a1c6c8,1776952758.8570342
6,Ava,SOUTH,21,25102457,1776952758.8570342
6,Alyssa,EAST,1,8d3094de,1776952758.8570342
6,Rita,NORTH,6,9666a52b,1776952758.9336178
6,Serana,WEST,27,21a1c6c8,1776952758.9336178
6,Ava,SOUTH,21,25102457,1776952758.9336178
6,Alyssa,EAST,1,8d3094de,1776952758.9336178
6,Rita,NORTH,6,9666a52b,1776952759.0050855
6,Serana,WEST,27,21a1c6c8,1776952759.0050855
6,Ava,SOUTH,21,25102457,1776952759.0050855
6,Alyssa,EAST,1,8d3094de,1776952759.0050855
6,Rita,NORTH,6,9666a52b,1776952759.07619
6,Serana,WEST,27,21a1c6c8,1776952759.07619
6,Ava,SOUTH,21,25102457,1776952759.07619
6,Alyssa,EAST,1,8d3094de,1776952759.07619
6,Rita,NORTH,6,9666a52b,1776952759.1547525
6,Serana,WEST,27,21a1c6c8,1776952759.1547525
6,Ava,SOUTH,21,25102457,1776952759.1547525
6,Alyssa,EAST,1,8d3094de,1776952759.1547525
6,Rita,NORTH,6,9666a52b,1776952759.2388034
6,Serana,WEST,27,21a1c6c8,1776952759.2388034
6,Ava,SOUTH,21,25102457,1776952759.2388034
6,Alyssa,EAST,1,8d3094de,1776952759.2388034
6,Rita,NORTH,6,9666a52b,1776952759.3231528
6,Serana,WEST,27,21a1c6c8,1776952759.3231528
6,Ava,SOUTH,21,25102457,1776952759.3231528
6,Alyssa,EAST,1,8d3094de,1776952759.3231528
6,Rita,NORTH,6,9666a52b,1776952759.3985558
6,Serana,WEST,27,21a1c6c8,1776952759.3985558
6,Ava,SOUTH,21,25102457,1776952759.3985558
6,Alyssa,EAST,1,8d3094de,1776952759.3985558
6,Rita,NORTH,6,9666a52b,1776952759.4704459
6,Serana,WEST,27,21a1c6c8,1776952759.4704459
6,Ava,SOUTH,21,25102457,1776952759.4704459
6,Alyssa,EAST,1,8d3094de,1776952759.4704459
6,Rita,NORTH,6,9666a52b,1776952759.547602
6,Serana,WEST,27,21a1c6c8,1776952759.547602
6,Ava,SOUTH,21,25102457,1776952759.547602
6,Alyssa,EAST,1,8d3094de,1776952759.547602
6,Rita,NORTH,6,9666a52b,1776952759.622063
6,Serana,WEST,27,21a1c6c8,1776952759.622063
6,Ava,SOUTH,21,25102457,1776952759.622063
6,Alyssa,EAST,1,8d3094de,1776952759.622063
6,Rita,NORTH,6,9666a52b,1776952759.6983266
6,Serana,WEST,27,21a1c6c8,1776952759.6983266
6,Ava,SOUTH,21,25102457,1776952759.6983266
6,Alyssa,EAST,1,8d3094de,1776952759.6983266
6,Rita,NORTH,6,9666a52b,1776952759.7720947
6,Serana,WEST,27,21a1c6c8,1776952759.7720947
6,Ava,SOUTH,21,25102457,1776952759.7720947
6,Alyssa,EAST,1,8d3094de,1776952759.7720947
6,Rita,NORTH,6,9666a52b,1776952759.8435082
6,Serana,WEST,27,21a1c6c8,1776952759.8435082
6,Ava,SOUTH,21,25102457,1776952759.8435082
6,Alyssa,EAST,1,8d3094de,1776952759.8435082
6,Rita,NORTH,6,9666a52b,1776952759.9152994
6,Serana,WEST,27,21a1c6c8,1776952759.9152994
6,Ava,SOUTH,21,25102457,1776952759.9152994
6,Alyssa,EAST,1,8d3094de,1776952759.9152994
6,Rita,NORTH,6,9666a52b,1776952759.9896214
6,Serana,WEST,27,21a1c6c8,1776952759.9896214
6,Ava,SOUTH,21,25102457,1776952759.9896214
6,Alyssa,EAST,1,8d3094de,1776952759.9896214
6,Rita,NORTH,6,9666a52b,1776952760.0631454
6,Serana,WEST,27,21a1c6c8,1776952760.0631454
6,Ava,SOUTH,21,25102457,1776952760.0631454
6,Alyssa,EAST,1,8d3094de,1776952760.0631454
7,Serana,WEST,37,21a1c6c8,1776952760.2166016
7,Ava,SOUTH,14,25102457,1776952760.2166016
7,Alyssa,EAST,36,8d3094de,1776952760.2166016
7,Serana,WEST,37,21a1c6c8,1776952760.294044
7,Ava,SOUTH,14,25102457,1776952760.294044
7,Alyssa,EAST,36,8d3094de,1776952760.294044
7,Rita,NORTH,38,9666a52b,1776952760.294044
7,Serana,WEST,37,21a1c6c8,1776952760.3709345
7,Ava,SOUTH,14,25102457,1776952760.3709345
7,Alyssa,EAST,36,8d3094de,1776952760.3709345
7,Rita,NORTH,38,9666a52b,1776952760.3709345
7,Serana,WEST,37,21a1c6c8,1776952760.4467013
7,Ava,SOUTH,14,25102457,1776952760.4467013
7,Alyssa,EAST,36,8d3094de,1776952760.4467013
7,Rita,NORTH,38,9666a52b,1776952760.4467013
7,Serana,WEST,37,21a1c6c8,1776952760.5220451
7,Ava,SOUTH,14,25102457,1776952760.5220451
7,Alyssa,EAST,36,8d3094de,1776952760.5220451
7,Rita,NORTH,38,9666a52b,1776952760.5220451
7,Serana,WEST,37,21a1c6c8,1776952760.5958323
7,Ava,SOUTH,14,25102457,1776952760.5958323
7,Alyssa,EAST,36,8d3094de,1776952760.5958323
7,Rita,NORTH,38,9666a52b,1776952760.5958323
7,Serana,WEST,37,21a1c6c8,1776952760.671287
7,Ava,SOUTH,14,25102457,1776952760.671287
7,Alyssa,EAST,36,8d3094de,1776952760.671287
7,Rita,NORTH,38,9666a52b,1776952760.671287
7,Serana,WEST,37,21a1c6c8,1776952760.7565129
7,Ava,SOUTH,14,25102457,1776952760.7565129
7,Alyssa,EAST,36,8d3094de,1776952760.7565129
7,Rita,NORTH,38,9666a52b,1776952760.7565129
7,Serana,WEST,37,21a1c6c8,1776952760.8377814
7,Ava,SOUTH,14,25102457,1776952760.8377814
7,Alyssa,EAST,36,8d3094de,1776952760.8377814
7,Rita,NORTH,38,9666a52b,1776952760.8377814
7,Serana,WEST,37,21a1c6c8,1776952760.9144073
7,Ava,SOUTH,14,25102457,1776952760.9144073
7,Alyssa,EAST,36,8d3094de,1776952760.9144073
7,Rita,NORTH,38,9666a52b,1776952760.9144073
7,Serana,WEST,37,21a1c6c8,1776952760.9873393
7,Ava,SOUTH,14,25102457,1776952760.9873393
7,Alyssa,EAST,36,8d3094de,1776952760.9873393
7,Rita,NORTH,38,9666a52b,1776952760.9873393
7,Serana,WEST,37,21a1c6c8,1776952761.0672805
7,Ava,SOUTH,14,25102457,1776952761.0672805
7,Alyssa,EAST,36,8d3094de,1776952761.0672805
7,Rita,NORTH,38,9666a52b,1776952761.0672805
7,Serana,WEST,37,21a1c6c8,1776952761.1471412
7,Ava,SOUTH,14,25102457,1776952761.1471412
7,Alyssa,EAST,36,8d3094de,1776952761.1471412
7,Rita,NORTH,38,9666a52b,1776952761.1471412
7,Serana,WEST,37,21a1c6c8,1776952761.2204077
7,Ava,SOUTH,14,25102457,1776952761.2204077
7,Alyssa,EAST,36,8d3094de,1776952761.2204077
7,Rita,NORTH,38,9666a52b,1776952761.2204077
7,Serana,WEST,37,21a1c6c8,1776952761.293995
7,Ava,SOUTH,14,25102457,1776952761.293995
7,Alyssa,EAST,36,8d3094de,1776952761.293995
7,Rita,NORTH,38,9666a52b,1776952761.293995
7,Serana,WEST,37,21a1c6c8,1776952761.36735
7,Ava,SOUTH,14,25102457,1776952761.36735
7,Alyssa,EAST,36,8d3094de,1776952761.36735
7,Rita,NORTH,38,9666a52b,1776952761.36735
7,Serana,WEST,37,21a1c6c8,1776952761.4430213
7,Ava,SOUTH,14,25102457,1776952761.4430213
7,Alyssa,EAST,36,8d3094de,1776952761.4430213
7,Rita,NORTH,38,9666a52b,1776952761.4430213
7,Serana,WEST,37,21a1c6c8,1776952761.5206265
7,Ava,SOUTH,14,25102457,1776952761.5206265
7,Alyssa,EAST,36,8d3094de,1776952761.5206265
7,Rita,NORTH,38,9666a52b,1776952761.5206265
7,Serana,WEST,37,21a1c6c8,1776952761.595479
7,Ava,SOUTH,14,25102457,1776952761.595479
7,Alyssa,EAST,36,8d3094de,1776952761.595479
7,Rita,NORTH,38,9666a52b,1776952761.595479
7,Serana,WEST,37,21a1c6c8,1776952761.6711001
7,Ava,SOUTH,14,25102457,1776952761.6711001
7,Alyssa,EAST,36,8d3094de,1776952761.6711001
7,Rita,NORTH,38,9666a52b,1776952761.6711001
7,Serana,WEST,37,21a1c6c8,1776952761.745805
7,Ava,SOUTH,14,25102457,1776952761.745805
7,Alyssa,EAST,36,8d3094de,1776952761.745805
7,Rita,NORTH,38,9666a52b,1776952761.745805
7,Serana,WEST,37,21a1c6c8,1776952761.828946
7,Ava,SOUTH,14,25102457,1776952761.828946
7,Alyssa,EAST,36,8d3094de,1776952761.828946
7,Rita,NORTH,38,9666a52b,1776952761.828946
7,Serana,WEST,37,21a1c6c8,1776952761.903768
7,Ava,SOUTH,14,25102457,1776952761.903768
7,Alyssa,EAST,36,8d3094de,1776952761.903768
7,Rita,NORTH,38,9666a52b,1776952761.903768
8,Rita,NORTH,8,9666a52b,1776952762.054041
8,Rita,NORTH,8,9666a52b,1776952762.1306124
8,Serana,WEST,34,21a1c6c8,1776952762.1306124
8,Ava,SOUTH,25,25102457,1776952762.1306124
8,Alyssa,EAST,2,8d3094de,1776952762.1306124
8,Rita,NORTH,8,9666a52b,1776952762.204733
8,Serana,WEST,34,21a1c6c8,1776952762.204733
8,Ava,SOUTH,25,25102457,1776952762.204733
8,Alyssa,EAST,2,8d3094de,1776952762.204733
8,Rita,NORTH,8,9666a52b,1776952762.2849557
8,Serana,WEST,34,21a1c6c8,1776952762.2849557
8,Ava,SOUTH,25,25102457,1776952762.2849557
8,Alyssa,EAST,2,8d3094de,1776952762.2849557
8,Rita,NORTH,8,9666a52b,1776952762.3616357
8,Serana,WEST,34,21a1c6c8,1776952762.3616357
8,Ava,SOUTH,25,25102457,1776952762.3616357
8,Alyssa,EAST,2,8d3094de,1776952762.3616357
8,Rita,NORTH,8,9666a52b,1776952762.4350657
8,Serana,WEST,34,21a1c6c8,1776952762.4350657
8,Ava,SOUTH,25,25102457,1776952762.4350657
8,Alyssa,EAST,2,8d3094de,1776952762.4350657
8,Rita,NORTH,8,9666a52b,1776952762.5086045
8,Serana,WEST,34,21a1c6c8,1776952762.5086045
8,Ava,SOUTH,25,25102457,1776952762.5086045
8,Alyssa,EAST,2,8d3094de,1776952762.5086045
8,Rita,NORTH,8,9666a52b,1776952762.5886536
8,Serana,WEST,34,21a1c6c8,1776952762.5886536
8,Ava,SOUTH,25,25102457,1776952762.5886536
8,Alyssa,EAST,2,8d3094de,1776952762.5886536
8,Rita,NORTH,8,9666a52b,1776952762.6630316
8,Serana,WEST,34,21a1c6c8,1776952762.6630316
8,Ava,SOUTH,25,25102457,1776952762.6630316
8,Alyssa,EAST,2,8d3094de,1776952762.6630316
8,Rita,NORTH,8,9666a52b,1776952762.7432683
8,Serana,WEST,34,21a1c6c8,1776952762.7432683
8,Ava,SOUTH,25,25102457,1776952762.7432683
8,Alyssa,EAST,2,8d3094de,1776952762.7432683
8,Rita,NORTH,8,9666a52b,1776952762.8176963
8,Serana,WEST,34,21a1c6c8,1776952762.8176963
8,Ava,SOUTH,25,25102457,1776952762.8176963
8,Alyssa,EAST,2,8d3094de,1776952762.8176963
8,Rita,NORTH,8,9666a52b,1776952762.9000423
8,Serana,WEST,34,21a1c6c8,1776952762.9000423
8,Ava,SOUTH,25,25102457,1776952762.9000423
8,Alyssa,EAST,2,8d3094de,1776952762.9000423
8,Rita,NORTH,8,9666a52b,1776952762.978831
8,Serana,WEST,34,21a1c6c8,1776952762.978831
8,Ava,SOUTH,25,25102457,1776952762.978831
8,Alyssa,EAST,2,8d3094de,1776952762.978831
8,Rita,NORTH,8,9666a52b,1776952763.055641
8,Serana,WEST,34,21a1c6c8,1776952763.055641
8,Ava,SOUTH,25,25102457,1776952763.055641
8,Alyssa,EAST,2,8d3094de,1776952763.055641
8,Rita,NORTH,8,9666a52b,1776952763.135588
8,Serana,WEST,34,21a1c6c8,1776952763.135588
8,Ava,SOUTH,25,25102457,1776952763.135588
8,Alyssa,EAST,2,8d3094de,1776952763.135588
8,Rita,NORTH,8,9666a52b,1776952763.2185912
8,Serana,WEST,34,21a1c6c8,1776952763.2185912
8,Ava,SOUTH,25,25102457,1776952763.2185912
8,Alyssa,EAST,2,8d3094de,1776952763.2185912
8,Rita,NORTH,8,9666a52b,1776952763.2937226
8,Serana,WEST,34,21a1c6c8,1776952763.2937226
8,Ava,SOUTH,25,25102457,1776952763.2937226
8,Alyssa,EAST,2,8d3094de,1776952763.2937226
8,Rita,NORTH,8,9666a52b,1776952763.370566
8,Serana,WEST,34,21a1c6c8,1776952763.370566
8,Ava,SOUTH,25,25102457,1776952763.370566
8,Alyssa,EAST,2,8d3094de,1776952763.370566
8,Rita,NORTH,8,9666a52b,1776952763.4497976
8,Serana,WEST,34,21a1c6c8,1776952763.4497976
8,Ava,SOUTH,25,25102457,1776952763.4497976
8,Alyssa,EAST,2,8d3094de,1776952763.4497976
8,Rita,NORTH,8,9666a52b,1776952763.5249643
8,Serana,WEST,34,21a1c6c8,1776952763.5249643
8,Ava,SOUTH,25,25102457,1776952763.5249643
8,Alyssa,EAST,2,8d3094de,1776952763.5249643
8,Rita,NORTH,8,9666a52b,1776952763.602394
8,Serana,WEST,34,21a1c6c8,1776952763.602394
8,Ava,SOUTH,25,25102457,1776952763.602394
8,Alyssa,EAST,2,8d3094de,1776952763.602394
8,Rita,NORTH,8,9666a52b,1776952763.6783347
8,Serana,WEST,34,21a1c6c8,1776952763.6783347
8,Ava,SOUTH,25,25102457,1776952763.6783347
8,Alyssa,EAST,2,8d3094de,1776952763.6783347
8,Rita,NORTH,8,9666a52b,1776952763.7567346
8,Serana,WEST,34,21a1c6c8,1776952763.7567346
8,Ava,SOUTH,25,25102457,1776952763.7567346
8,Alyssa,EAST,2,8d3094de,1776952763.7567346
9,Ava,SOUTH,29,25102457,1776952763.9292808
9,Alyssa,EAST,3,8d3094de,1776952763.9292808
9,Ava,SOUTH,29,25102457,1776952764.0124533
9,Alyssa,EAST,3,8d3094de,1776952764.0124533
9,Rita,NORTH,22,9666a52b,1776952764.0124533
9,Serana,WEST,39,21a1c6c8,1776952764.0124533
9,Ava,SOUTH,29,25102457,1776952764.091077
9,Alyssa,EAST,3,8d3094de,1776952764.091077
9,Rita,NORTH,22,9666a52b,1776952764.091077
9,Serana,WEST,39,21a1c6c8,1776952764.091077
9,Ava,SOUTH,29,25102457,1776952764.1730494
9,Alyssa,EAST,3,8d3094de,1776952764.1730494
9,Rita,NORTH,22,9666a52b,1776952764.1730494
9,Serana,WEST,39,21a1c6c8,1776952764.1730494
9,Ava,SOUTH,29,25102457,1776952764.25296
9,Alyssa,EAST,3,8d3094de,1776952764.25296
9,Rita,NORTH,22,9666a52b,1776952764.25296
9,Serana,WEST,39,21a1c6c8,1776952764.25296
9,Ava,SOUTH,29,25102457,1776952764.336063
9,Alyssa,EAST,3,8d3094de,1776952764.336063
9,Rita,NORTH,22,9666a52b,1776952764.336063
9,Serana,WEST,39,21a1c6c8,1776952764.336063
9,Ava,SOUTH,29,25102457,1776952764.4132464
9,Alyssa,EAST,3,8d3094de,1776952764.4132464
9,Rita,NORTH,22,9666a52b,1776952764.4132464
9,Serana,WEST,39,21a1c6c8,1776952764.4132464
9,Ava,SOUTH,29,25102457,1776952764.4917226
9,Alyssa,EAST,3,8d3094de,1776952764.4917226
9,Rita,NORTH,22,9666a52b,1776952764.4917226
9,Serana,WEST,39,21a1c6c8,1776952764.4917226
9,Ava,SOUTH,29,25102457,1776952764.5656593
9,Alyssa,EAST,3,8d3094de,1776952764.5656593
9,Rita,NORTH,22,9666a52b,1776952764.5656593
9,Serana,WEST,39,21a1c6c8,1776952764.5656593
9,Ava,SOUTH,29,25102457,1776952764.6438086
9,Alyssa,EAST,3,8d3094de,1776952764.6438086
9,Rita,NORTH,22,9666a52b,1776952764.6438086
9,Serana,WEST,39,21a1c6c8,1776952764.6438086
9,Ava,SOUTH,29,25102457,1776952764.722731
9,Alyssa,EAST,3,8d3094de,1776952764.722731
9,Rita,NORTH,22,9666a52b,1776952764.722731
9,Serana,WEST,39,21a1c6c8,1776952764.722731
9,Ava,SOUTH,29,25102457,1776952764.7996023
9,Alyssa,EAST,3,8d3094de,1776952764.7996023
9,Rita,NORTH,22,9666a52b,1776952764.7996023
9,Serana,WEST,39,21a1c6c8,1776952764.7996023
9,Ava,SOUTH,29,25102457,1776952764.8765087
9,Alyssa,EAST,3,8d3094de,1776952764.8765087
9,Rita,NORTH,22,9666a52b,1776952764.8765087
9,Serana,WEST,39,21a1c6c8,1776952764.8765087
9,Ava,SOUTH,29,25102457,1776952764.9512105
9,Alyssa,EAST,3,8d3094de,1776952764.9512105
9,Rita,NORTH,22,9666a52b,1776952764.9512105
9,Serana,WEST,39,21a1c6c8,1776952764.9512105
9,Ava,SOUTH,29,25102457,1776952765.0264459
9,Alyssa,EAST,3,8d3094de,1776952765.0264459
9,Rita,NORTH,22,9666a52b,1776952765.0264459
9,Serana,WEST,39,21a1c6c8,1776952765.0264459
9,Ava,SOUTH,29,25102457,1776952765.1028166
9,Alyssa,EAST,3,8d3094de,1776952765.1028166
9,Rita,NORTH,22,9666a52b,1776952765.1028166
9,Serana,WEST,39,21a1c6c8,1776952765.1028166
9,Ava,SOUTH,29,25102457,1776952765.1789756
9,Alyssa,EAST,3,8d3094de,1776952765.1789756
9,Rita,NORTH,22,9666a52b,1776952765.1789756
9,Serana,WEST,39,21a1c6c8,1776952765.1789756
9,Ava,SOUTH,29,25102457,1776952765.255933
9,Alyssa,EAST,3,8d3094de,1776952765.255933
9,Rita,NORTH,22,9666a52b,1776952765.255933
9,Serana,WEST,39,21a1c6c8,1776952765.255933
9,Ava,SOUTH,29,25102457,1776952765.3325553
9,Alyssa,EAST,3,8d3094de,1776952765.3325553
9,Rita,NORTH,22,9666a52b,1776952765.3325553
9,Serana,WEST,39,21a1c6c8,1776952765.3325553
9,Ava,SOUTH,29,25102457,1776952765.4072337
9,Alyssa,EAST,3,8d3094de,1776952765.4072337
9,Rita,NORTH,22,9666a52b,1776952765.4072337
9,Serana,WEST,39,21a1c6c8,1776952765.4072337
9,Ava,SOUTH,29,25102457,1776952765.4852736
9,Alyssa,EAST,3,8d3094de,1776952765.4852736
9,Rita,NORTH,22,9666a52b,1776952765.4852736
9,Serana,WEST,39,21a1c6c8,1776952765.4852736
9,Ava,SOUTH,29,25102457,1776952765.558834
9,Alyssa,EAST,3,8d3094de,1776952765.558834
9,Rita,NORTH,22,9666a52b,1776952765.558834
9,Serana,WEST,39,21a1c6c8,1776952765.558834
9,Ava,SOUTH,29,25102457,1776952765.644678
9,Alyssa,EAST,3,8d3094de,1776952765.644678
9,Rita,NORTH,22,9666a52b,1776952765.644678
9,Serana,WEST,39,21a1c6c8,1776952765.644678
10,Ava,SOUTH,28,25102457,1776952765.7986248
10,Ava,SOUTH,28,25102457,1776952765.8760276
10,Alyssa,EAST,7,8d3094de,1776952765.8760276
10,Ava,SOUTH,28,25102457,1776952765.950932
10,Alyssa,EAST,7,8d3094de,1776952765.950932
10,Rita,NORTH,12,9666a52b,1776952765.950932
10,Serana,WEST,30,21a1c6c8,1776952765.950932
10,Ava,SOUTH,28,25102457,1776952766.0272446
10,Alyssa,EAST,7,8d3094de,1776952766.0272446
10,Rita,NORTH,12,9666a52b,1776952766.0272446
10,Serana,WEST,30,21a1c6c8,1776952766.0272446
10,Ava,SOUTH,28,25102457,1776952766.1039567
10,Alyssa,EAST,7,8d3094de,1776952766.1039567
10,Rita,NORTH,12,9666a52b,1776952766.1039567
10,Serana,WEST,30,21a1c6c8,1776952766.1039567
10,Ava,SOUTH,28,25102457,1776952766.1796305
10,Alyssa,EAST,7,8d3094de,1776952766.1796305
10,Rita,NORTH,12,9666a52b,1776952766.1796305
10,Serana,WEST,30,21a1c6c8,1776952766.1796305
10,Ava,SOUTH,28,25102457,1776952766.2542152
10,Alyssa,EAST,7,8d3094de,1776952766.2542152
10,Rita,NORTH,12,9666a52b,1776952766.2542152
10,Serana,WEST,30,21a1c6c8,1776952766.2542152
10,Ava,SOUTH,28,25102457,1776952766.3297925
10,Alyssa,EAST,7,8d3094de,1776952766.3297925
10,Rita,NORTH,12,9666a52b,1776952766.3297925
10,Serana,WEST,30,21a1c6c8,1776952766.3297925
10,Ava,SOUTH,28,25102457,1776952766.4094012
10,Alyssa,EAST,7,8d3094de,1776952766.4094012
10,Rita,NORTH,12,9666a52b,1776952766.4094012
10,Serana,WEST,30,21a1c6c8,1776952766.4094012
10,Ava,SOUTH,28,25102457,1776952766.4844062
10,Alyssa,EAST,7,8d3094de,1776952766.4844062
10,Rita,NORTH,12,9666a52b,1776952766.4844062
10,Serana,WEST,30,21a1c6c8,1776952766.4844062
10,Ava,SOUTH,28,25102457,1776952766.5634403
10,Alyssa,EAST,7,8d3094de,1776952766.5634403
10,Rita,NORTH,12,9666a52b,1776952766.5634403
10,Serana,WEST,30,21a1c6c8,1776952766.5634403
10,Ava,SOUTH,28,25102457,1776952766.6464052
10,Alyssa,EAST,7,8d3094de,1776952766.6464052
10,Rita,NORTH,12,9666a52b,1776952766.6464052
10,Serana,WEST,30,21a1c6c8,1776952766.6464052
10,Ava,SOUTH,28,25102457,1776952766.7236972
10,Alyssa,EAST,7,8d3094de,1776952766.7236972
10,Rita,NORTH,12,9666a52b,1776952766.7236972
10,Serana,WEST,30,21a1c6c8,1776952766.7236972
10,Ava,SOUTH,28,25102457,1776952766.7987509
10,Alyssa,EAST,7,8d3094de,1776952766.7987509
10,Rita,NORTH,12,9666a52b,1776952766.7987509
10,Serana,WEST,30,21a1c6c8,1776952766.7987509
10,Ava,SOUTH,28,25102457,1776952766.8754606
10,Alyssa,EAST,7,8d3094de,1776952766.8754606
10,Rita,NORTH,12,9666a52b,1776952766.8754606
10,Serana,WEST,30,21a1c6c8,1776952766.8754606
10,Ava,SOUTH,28,25102457,1776952766.948903
10,Alyssa,EAST,7,8d3094de,1776952766.948903
10,Rita,NORTH,12,9666a52b,1776952766.948903
10,Serana,WEST,30,21a1c6c8,1776952766.948903
10,Ava,SOUTH,28,25102457,1776952767.0232487
10,Alyssa,EAST,7,8d3094de,1776952767.0232487
10,Rita,NORTH,12,9666a52b,1776952767.0232487
10,Serana,WEST,30,21a1c6c8,1776952767.0232487
10,Ava,SOUTH,28,25102457,1776952767.097534
10,Alyssa,EAST,7,8d3094de,1776952767.097534
10,Rita,NORTH,12,9666a52b,1776952767.097534
10,Serana,WEST,30,21a1c6c8,1776952767.097534
10,Ava,SOUTH,28,25102457,1776952767.1723678
10,Alyssa,EAST,7,8d3094de,1776952767.1723678
10,Rita,NORTH,12,9666a52b,1776952767.1723678
10,Serana,WEST,30,21a1c6c8,1776952767.1723678
10,Ava,SOUTH,28,25102457,1776952767.2457297
10,Alyssa,EAST,7,8d3094de,1776952767.2457297
10,Rita,NORTH,12,9666a52b,1776952767.2457297
10,Serana,WEST,30,21a1c6c8,1776952767.2457297
10,Ava,SOUTH,28,25102457,1776952767.3205788
10,Alyssa,EAST,7,8d3094de,1776952767.3205788
10,Rita,NORTH,12,9666a52b,1776952767.3205788
10,Serana,WEST,30,21a1c6c8,1776952767.3205788
10,Ava,SOUTH,28,25102457,1776952767.401796
10,Alyssa,EAST,7,8d3094de,1776952767.401796
10,Rita,NORTH,12,9666a52b,1776952767.401796
10,Serana,WEST,30,21a1c6c8,1776952767.401796
10,Ava,SOUTH,28,25102457,1776952767.4783607
10,Alyssa,EAST,7,8d3094de,1776952767.4783607
10,Rita,NORTH,12,9666a52b,1776952767.4783607
10,Serana,WEST,30,21a1c6c8,1776952767.4783607
10,Ava,SOUTH,28,25102457,1776952767.551701
10,Alyssa,EAST,7,8d3094de,1776952767.551701
10,Rita,NORTH,12,9666a52b,1776952767.551701
10,Serana,WEST,30,21a1c6c8,1776952767.551701
