game_number,game_id,match_number,rounds_played,winner_team,winner_label,team1_score,team2_score,trump_card,trump_suit,phase,finished_at
1,INPROC_E252E6,1,10,team2,Team 2 (E/W),48,72,34,♠,finished,2026-05-17T23:15:05.059148+00:00
2,INPROC_C6D413,1,10,team2,Team 2 (E/W),36,84,18,♦,finished,2026-05-17T23:15:05.078309+00:00
3,INPROC_8F39CC,1,10,team2,Team 2 (E/W),43,77,36,♠,finished,2026-05-17T23:15:05.096914+00:00
4,INPROC_12885A,1,10,team2,Team 2 (E/W),26,94,18,♦,finished,2026-05-17T23:15:05.116458+00:00
5,INPROC_CF066A,1,10,team1,Team 1 (N/S),80,40,30,♠,finished,2026-05-17T23:15:05.138189+00:00
6,INPROC_B0E0E2,1,10,team1,Team 1 (N/S),76,44,36,♠,finished,2026-05-17T23:15:05.157746+00:00
7,INPROC_1CBEF5,1,10,team1,Team 1 (N/S),77,43,5,♣,finished,2026-05-17T23:15:05.176454+00:00
8,INPROC_B0DABA,1,10,team2,Team 2 (E/W),55,65,10,♦,finished,2026-05-17T23:15:05.195144+00:00
9,INPROC_5E6694,1,10,team1,Team 1 (N/S),61,59,17,♦,finished,2026-05-17T23:15:05.214015+00:00
10,INPROC_0BFCA7,1,10,team2,Team 2 (E/W),43,77,13,♦,finished,2026-05-17T23:15:05.232728+00:00
11,INPROC_E5B482,1,10,team2,Team 2 (E/W),27,93,5,♣,finished,2026-05-17T23:15:05.251583+00:00
12,INPROC_F3A6E2,1,10,team1,Team 1 (N/S),77,43,3,♣,finished,2026-05-17T23:15:05.270502+00:00
13,INPROC_9C9B34,1,10,team2,Team 2 (E/W),22,98,20,♥,finished,2026-05-17T23:15:05.289436+00:00
14,INPROC_66F15E,1,10,team2,Team 2 (E/W),39,81,26,♥,finished,2026-05-17T23:15:05.308413+00:00
15,INPROC_8428AE,1,10,team2,Team 2 (E/W),47,73,10,♦,finished,2026-05-17T23:15:05.327553+00:00
16,INPROC_E79041,1,10,team1,Team 1 (N/S),93,27,13,♦,finished,2026-05-17T23:15:05.351979+00:00
17,INPROC_B71556,1,10,team1,Team 1 (N/S),86,34,16,♦,finished,2026-05-17T23:15:05.370996+00:00
18,INPROC_5A6B0C,1,10,team2,Team 2 (E/W),36,84,8,♣,finished,2026-05-17T23:15:05.389999+00:00
19,INPROC_75D284,1,10,team1,Team 1 (N/S),69,51,29,♥,finished,2026-05-17T23:15:05.408840+00:00
20,INPROC_968B01,1,10,team2,Team 2 (E/W),16,104,38,♠,finished,2026-05-17T23:15:05.428281+00:00
21,INPROC_7E1211,1,10,team2,Team 2 (E/W),38,82,29,♥,finished,2026-05-17T23:15:05.447285+00:00
22,INPROC_E453D8,1,10,team2,Team 2 (E/W),40,80,7,♣,finished,2026-05-17T23:15:05.466357+00:00
23,INPROC_684F39,1,10,team2,Team 2 (E/W),32,88,31,♠,finished,2026-05-17T23:15:05.485175+00:00
24,INPROC_9B048D,1,10,team1,Team 1 (N/S),83,37,25,♥,finished,2026-05-17T23:15:05.503717+00:00
25,INPROC_F2F1CF,1,10,team1,Team 1 (N/S),88,32,9,♣,finished,2026-05-17T23:15:05.522807+00:00
26,INPROC_1C4D6C,1,10,team2,Team 2 (E/W),8,112,20,♥,finished,2026-05-17T23:15:05.541655+00:00
27,INPROC_720798,1,10,team2,Team 2 (E/W),40,80,38,♠,finished,2026-05-17T23:15:05.560959+00:00
28,INPROC_C47084,1,10,team2,Team 2 (E/W),54,66,22,♥,finished,2026-05-17T23:15:05.579030+00:00
29,INPROC_3EE9A5,1,10,team1,Team 1 (N/S),82,38,37,♠,finished,2026-05-17T23:15:05.598388+00:00
30,INPROC_6FE2A0,1,10,team1,Team 1 (N/S),89,31,32,♠,finished,2026-05-17T23:15:05.618431+00:00
31,INPROC_CF3D45,1,10,team1,Team 1 (N/S),70,50,15,♦,finished,2026-05-17T23:15:05.637770+00:00
32,INPROC_8FDF00,1,10,team1,Team 1 (N/S),80,40,9,♣,finished,2026-05-17T23:15:05.656844+00:00
33,INPROC_F46B6D,1,10,team2,Team 2 (E/W),59,61,28,♥,finished,2026-05-17T23:15:05.676653+00:00
34,INPROC_19050C,1,10,team1,Team 1 (N/S),73,47,20,♥,finished,2026-05-17T23:15:05.696455+00:00
35,INPROC_0CD79B,1,10,team2,Team 2 (E/W),28,92,6,♣,finished,2026-05-17T23:15:05.715407+00:00
36,INPROC_74A746,1,10,team2,Team 2 (E/W),32,88,26,♥,finished,2026-05-17T23:15:05.735747+00:00
37,INPROC_697CF9,1,10,team2,Team 2 (E/W),48,72,2,♣,finished,2026-05-17T23:15:05.754440+00:00
38,INPROC_B0A921,1,10,team1,Team 1 (N/S),90,30,20,♥,finished,2026-05-17T23:15:05.773732+00:00
39,INPROC_FC50B4,1,10,team1,Team 1 (N/S),74,46,5,♣,finished,2026-05-17T23:15:05.792906+00:00
40,INPROC_732CE8,1,10,team1,Team 1 (N/S),64,56,28,♥,finished,2026-05-17T23:15:05.812495+00:00
41,INPROC_76CFF4,1,10,team2,Team 2 (E/W),52,68,11,♦,finished,2026-05-17T23:15:05.831677+00:00
42,INPROC_13BAD3,1,10,team1,Team 1 (N/S),81,39,33,♠,finished,2026-05-17T23:15:05.850107+00:00
43,INPROC_6E527A,1,10,team2,Team 2 (E/W),31,89,10,♦,finished,2026-05-17T23:15:05.868370+00:00
44,INPROC_96F51F,1,10,team2,Team 2 (E/W),40,80,16,♦,finished,2026-05-17T23:15:05.885860+00:00
45,INPROC_722111,1,10,team2,Team 2 (E/W),58,62,13,♦,finished,2026-05-17T23:15:05.903392+00:00
46,INPROC_C26438,1,10,team1,Team 1 (N/S),67,53,26,♥,finished,2026-05-17T23:15:05.920867+00:00
47,INPROC_262DB8,1,10,team1,Team 1 (N/S),103,17,32,♠,finished,2026-05-17T23:15:05.939076+00:00
48,INPROC_B3679E,1,10,team2,Team 2 (E/W),54,66,29,♥,finished,2026-05-17T23:15:05.956563+00:00
49,INPROC_64B225,1,10,team2,Team 2 (E/W),43,77,12,♦,finished,2026-05-17T23:15:05.974265+00:00
50,INPROC_E3B75B,1,10,team1,Team 1 (N/S),68,52,25,♥,finished,2026-05-17T23:15:05.991944+00:00
51,INPROC_CF6674,1,10,team2,Team 2 (E/W),48,72,9,♣,finished,2026-05-17T23:15:06.009421+00:00
52,INPROC_18BE39,1,10,team1,Team 1 (N/S),98,22,35,♠,finished,2026-05-17T23:15:06.027294+00:00
53,INPROC_91CC65,1,10,team1,Team 1 (N/S),78,42,6,♣,finished,2026-05-17T23:15:06.044999+00:00
54,INPROC_2CA432,1,10,team1,Team 1 (N/S),63,57,14,♦,finished,2026-05-17T23:15:06.063158+00:00
55,INPROC_728A60,1,10,team1,Team 1 (N/S),76,44,3,♣,finished,2026-05-17T23:15:06.081244+00:00
56,INPROC_4B6C2D,1,10,team2,Team 2 (E/W),36,84,7,♣,finished,2026-05-17T23:15:06.099290+00:00
57,INPROC_88A67F,1,10,team1,Team 1 (N/S),87,33,4,♣,finished,2026-05-17T23:15:06.118882+00:00
58,INPROC_9A8043,1,10,team2,Team 2 (E/W),29,91,10,♦,finished,2026-05-17T23:15:06.138913+00:00
59,INPROC_DDB85E,1,10,team1,Team 1 (N/S),68,52,9,♣,finished,2026-05-17T23:15:06.165314+00:00
60,INPROC_9B5231,1,10,team2,Team 2 (E/W),44,76,15,♦,finished,2026-05-17T23:15:06.183301+00:00
61,INPROC_2C4E3B,1,10,team2,Team 2 (E/W),45,75,26,♥,finished,2026-05-17T23:15:06.200712+00:00
62,INPROC_18F218,1,10,team2,Team 2 (E/W),59,61,6,♣,finished,2026-05-17T23:15:06.218048+00:00
63,INPROC_F95B96,1,10,team1,Team 1 (N/S),94,26,8,♣,finished,2026-05-17T23:15:06.235216+00:00
64,INPROC_2054AA,1,10,draw,draw,60,60,38,♠,finished,2026-05-17T23:15:06.252534+00:00
65,INPROC_28493B,1,10,team2,Team 2 (E/W),41,79,10,♦,finished,2026-05-17T23:15:06.270861+00:00
66,INPROC_57ACAD,1,10,team2,Team 2 (E/W),47,73,21,♥,finished,2026-05-17T23:15:06.288008+00:00
67,INPROC_44B736,1,10,team1,Team 1 (N/S),89,31,30,♠,finished,2026-05-17T23:15:06.307674+00:00
68,INPROC_8B7D39,1,10,team2,Team 2 (E/W),57,63,29,♥,finished,2026-05-17T23:15:06.325089+00:00
69,INPROC_7C3F8C,1,10,team1,Team 1 (N/S),74,46,8,♣,finished,2026-05-17T23:15:06.342412+00:00
70,INPROC_94809E,1,10,team1,Team 1 (N/S),92,28,15,♦,finished,2026-05-17T23:15:06.360178+00:00
71,INPROC_B11DAC,1,10,team2,Team 2 (E/W),56,64,2,♣,finished,2026-05-17T23:15:06.377497+00:00
72,INPROC_4669D1,1,10,team1,Team 1 (N/S),98,22,37,♠,finished,2026-05-17T23:15:06.394887+00:00
73,INPROC_B9E2B1,1,10,team1,Team 1 (N/S),80,40,4,♣,finished,2026-05-17T23:15:06.411834+00:00
74,INPROC_6A2E5D,1,10,team2,Team 2 (E/W),32,88,27,♥,finished,2026-05-17T23:15:06.428495+00:00
75,INPROC_43FE1B,1,10,team1,Team 1 (N/S),69,51,24,♥,finished,2026-05-17T23:15:06.445640+00:00
76,INPROC_B2BFA5,1,10,team2,Team 2 (E/W),23,97,32,♠,finished,2026-05-17T23:15:06.463584+00:00
77,INPROC_9367C4,1,10,team2,Team 2 (E/W),28,92,19,♦,finished,2026-05-17T23:15:06.480900+00:00
78,INPROC_E368E9,1,10,team1,Team 1 (N/S),91,29,30,♠,finished,2026-05-17T23:15:06.498269+00:00
79,INPROC_21CC62,1,10,team2,Team 2 (E/W),8,112,29,♥,finished,2026-05-17T23:15:06.515445+00:00
80,INPROC_E32DA2,1,10,team1,Team 1 (N/S),70,50,26,♥,finished,2026-05-17T23:15:06.532570+00:00
81,INPROC_1610CB,1,10,team2,Team 2 (E/W),46,74,38,♠,finished,2026-05-17T23:15:06.549984+00:00
82,INPROC_1E29A3,1,10,team1,Team 1 (N/S),80,40,13,♦,finished,2026-05-17T23:15:06.567618+00:00
83,INPROC_5BC552,1,10,team2,Team 2 (E/W),24,96,19,♦,finished,2026-05-17T23:15:06.584115+00:00
84,INPROC_7B9462,1,10,team2,Team 2 (E/W),56,64,39,♠,finished,2026-05-17T23:15:06.600660+00:00
85,INPROC_79DDD8,1,10,team1,Team 1 (N/S),84,36,12,♦,finished,2026-05-17T23:15:06.617049+00:00
86,INPROC_8337D0,1,10,team2,Team 2 (E/W),13,107,31,♠,finished,2026-05-17T23:15:06.633461+00:00
87,INPROC_49077D,1,10,team2,Team 2 (E/W),58,62,33,♠,finished,2026-05-17T23:15:06.649487+00:00
88,INPROC_2C42FE,1,10,team2,Team 2 (E/W),52,68,13,♦,finished,2026-05-17T23:15:06.665343+00:00
89,INPROC_E5D617,1,10,team1,Team 1 (N/S),76,44,10,♦,finished,2026-05-17T23:15:06.681426+00:00
90,INPROC_8105FB,1,10,team1,Team 1 (N/S),70,50,8,♣,finished,2026-05-17T23:15:06.697598+00:00
91,INPROC_7CA333,1,10,team1,Team 1 (N/S),73,47,34,♠,finished,2026-05-17T23:15:06.713819+00:00
92,INPROC_6E5531,1,10,team1,Team 1 (N/S),62,58,30,♠,finished,2026-05-17T23:15:06.730124+00:00
93,INPROC_456B10,1,10,team2,Team 2 (E/W),52,68,26,♥,finished,2026-05-17T23:15:06.747192+00:00
94,INPROC_64FBAF,1,10,team2,Team 2 (E/W),45,75,32,♠,finished,2026-05-17T23:15:06.764290+00:00
95,INPROC_F4E9CF,1,10,team1,Team 1 (N/S),93,27,25,♥,finished,2026-05-17T23:15:06.781114+00:00
96,INPROC_D17C16,1,10,team1,Team 1 (N/S),83,37,12,♦,finished,2026-05-17T23:15:06.797481+00:00
97,INPROC_35642D,1,10,team1,Team 1 (N/S),68,52,4,♣,finished,2026-05-17T23:15:06.813749+00:00
98,INPROC_66B301,1,10,team1,Team 1 (N/S),94,26,0,♣,finished,2026-05-17T23:15:06.829864+00:00
99,INPROC_553031,1,10,team2,Team 2 (E/W),59,61,28,♥,finished,2026-05-17T23:15:06.845939+00:00
100,INPROC_1D7A12,1,10,team1,Team 1 (N/S),86,34,30,♠,finished,2026-05-17T23:15:06.861994+00:00
101,INPROC_606090,1,10,team1,Team 1 (N/S),72,48,21,♥,finished,2026-05-17T23:15:06.878171+00:00
102,INPROC_126091,1,10,team1,Team 1 (N/S),69,51,15,♦,finished,2026-05-17T23:15:06.894551+00:00
103,INPROC_F71501,1,10,team2,Team 2 (E/W),34,86,13,♦,finished,2026-05-17T23:15:06.910781+00:00
104,INPROC_8D1368,1,10,team2,Team 2 (E/W),34,86,33,♠,finished,2026-05-17T23:15:06.928124+00:00
105,INPROC_8EFF8C,1,10,team1,Team 1 (N/S),92,28,23,♥,finished,2026-05-17T23:15:06.945030+00:00
106,INPROC_8C045D,1,10,draw,draw,60,60,1,♣,finished,2026-05-17T23:15:06.961889+00:00
107,INPROC_D32318,1,10,team1,Team 1 (N/S),95,25,11,♦,finished,2026-05-17T23:15:06.978543+00:00
108,INPROC_FE52B7,1,10,team1,Team 1 (N/S),76,44,7,♣,finished,2026-05-17T23:15:06.994586+00:00
109,INPROC_4DD249,1,10,team1,Team 1 (N/S),88,32,1,♣,finished,2026-05-17T23:15:07.010877+00:00
110,INPROC_916855,1,10,team1,Team 1 (N/S),86,34,22,♥,finished,2026-05-17T23:15:07.027522+00:00
111,INPROC_188537,1,10,team1,Team 1 (N/S),102,18,10,♦,finished,2026-05-17T23:15:07.044030+00:00
112,INPROC_0E8746,1,10,team2,Team 2 (E/W),42,78,17,♦,finished,2026-05-17T23:15:07.060732+00:00
113,INPROC_D83122,1,10,team2,Team 2 (E/W),50,70,11,♦,finished,2026-05-17T23:15:07.076374+00:00
114,INPROC_378895,1,10,team2,Team 2 (E/W),27,93,2,♣,finished,2026-05-17T23:15:07.092707+00:00
115,INPROC_CDAA32,1,10,team1,Team 1 (N/S),82,38,27,♥,finished,2026-05-17T23:15:07.108902+00:00
116,INPROC_06068D,1,10,team2,Team 2 (E/W),18,102,29,♥,finished,2026-05-17T23:15:07.124790+00:00
117,INPROC_9EFAAE,1,10,team1,Team 1 (N/S),92,28,36,♠,finished,2026-05-17T23:15:07.140811+00:00
118,INPROC_9DF1CC,1,10,team2,Team 2 (E/W),55,65,30,♠,finished,2026-05-17T23:15:07.156899+00:00
119,INPROC_F53332,1,10,team1,Team 1 (N/S),78,42,16,♦,finished,2026-05-17T23:15:07.172924+00:00
120,INPROC_1DDB75,1,10,team1,Team 1 (N/S),72,48,3,♣,finished,2026-05-17T23:15:07.188824+00:00
121,INPROC_416B81,1,10,team1,Team 1 (N/S),81,39,14,♦,finished,2026-05-17T23:15:07.204968+00:00
122,INPROC_D4D632,1,10,team1,Team 1 (N/S),61,59,0,♣,finished,2026-05-17T23:15:07.221193+00:00
123,INPROC_271A2B,1,10,team2,Team 2 (E/W),20,100,2,♣,finished,2026-05-17T23:15:07.237384+00:00
124,INPROC_8E0C73,1,10,team2,Team 2 (E/W),16,104,20,♥,finished,2026-05-17T23:15:07.253531+00:00
125,INPROC_EFD9B0,1,10,draw,draw,60,60,2,♣,finished,2026-05-17T23:15:07.269626+00:00
126,INPROC_799A59,1,10,team1,Team 1 (N/S),80,40,17,♦,finished,2026-05-17T23:15:07.285574+00:00
127,INPROC_31EB20,1,10,team1,Team 1 (N/S),67,53,3,♣,finished,2026-05-17T23:15:07.301626+00:00
128,INPROC_BEE93B,1,10,team1,Team 1 (N/S),97,23,4,♣,finished,2026-05-17T23:15:07.317831+00:00
129,INPROC_4E1A61,1,10,team1,Team 1 (N/S),83,37,9,♣,finished,2026-05-17T23:15:07.334256+00:00
130,INPROC_7E9E70,1,10,team1,Team 1 (N/S),97,23,14,♦,finished,2026-05-17T23:15:07.350449+00:00
131,INPROC_E87D16,1,10,team1,Team 1 (N/S),70,50,11,♦,finished,2026-05-17T23:15:07.367463+00:00
132,INPROC_B1E1C5,1,10,team1,Team 1 (N/S),79,41,15,♦,finished,2026-05-17T23:15:07.383831+00:00
133,INPROC_C8DCB1,1,10,team2,Team 2 (E/W),0,120,18,♦,finished,2026-05-17T23:15:07.400221+00:00
134,INPROC_FF3E7B,1,10,team1,Team 1 (N/S),91,29,0,♣,finished,2026-05-17T23:15:07.416382+00:00
135,INPROC_6E2D3B,1,10,team1,Team 1 (N/S),61,59,29,♥,finished,2026-05-17T23:15:07.432448+00:00
136,INPROC_BC294A,1,10,team2,Team 2 (E/W),30,90,33,♠,finished,2026-05-17T23:15:07.452041+00:00
137,INPROC_BC015D,1,10,team2,Team 2 (E/W),34,86,27,♥,finished,2026-05-17T23:15:07.470326+00:00
138,INPROC_3279CC,1,10,team1,Team 1 (N/S),76,44,11,♦,finished,2026-05-17T23:15:07.489007+00:00
139,INPROC_7B295F,1,10,team2,Team 2 (E/W),26,94,29,♥,finished,2026-05-17T23:15:07.507883+00:00
140,INPROC_804B07,1,10,team1,Team 1 (N/S),91,29,33,♠,finished,2026-05-17T23:15:07.526800+00:00
141,INPROC_965EEE,1,10,team2,Team 2 (E/W),51,69,32,♠,finished,2026-05-17T23:15:07.546910+00:00
142,INPROC_2C20B0,1,10,team1,Team 1 (N/S),63,57,20,♥,finished,2026-05-17T23:15:07.563397+00:00
143,INPROC_B4CB08,1,10,team2,Team 2 (E/W),43,77,25,♥,finished,2026-05-17T23:15:07.582867+00:00
144,INPROC_60CB88,1,10,team2,Team 2 (E/W),44,76,27,♥,finished,2026-05-17T23:15:07.598721+00:00
145,INPROC_F8CF06,1,10,team2,Team 2 (E/W),59,61,35,♠,finished,2026-05-17T23:15:07.617105+00:00
146,INPROC_CD085B,1,10,team1,Team 1 (N/S),74,46,18,♦,finished,2026-05-17T23:15:07.632393+00:00
147,INPROC_4DCCFE,1,10,team1,Team 1 (N/S),75,45,28,♥,finished,2026-05-17T23:15:07.649103+00:00
148,INPROC_25C4DE,1,10,team2,Team 2 (E/W),44,76,34,♠,finished,2026-05-17T23:15:07.666076+00:00
149,INPROC_E3C850,1,10,team1,Team 1 (N/S),96,24,11,♦,finished,2026-05-17T23:15:07.680942+00:00
150,INPROC_D0B228,1,10,team1,Team 1 (N/S),70,50,37,♠,finished,2026-05-17T23:15:07.696622+00:00
151,INPROC_512272,1,10,team1,Team 1 (N/S),100,20,5,♣,finished,2026-05-17T23:15:07.712228+00:00
152,INPROC_260A7D,1,10,team1,Team 1 (N/S),69,51,9,♣,finished,2026-05-17T23:15:07.727855+00:00
153,INPROC_0A43C0,1,10,team1,Team 1 (N/S),64,56,30,♠,finished,2026-05-17T23:15:07.743625+00:00
154,INPROC_AEBDF6,1,10,team2,Team 2 (E/W),51,69,1,♣,finished,2026-05-17T23:15:07.760059+00:00
155,INPROC_08ECB4,1,10,team1,Team 1 (N/S),94,26,20,♥,finished,2026-05-17T23:15:07.775769+00:00
156,INPROC_3F1EF3,1,10,team2,Team 2 (E/W),16,104,19,♦,finished,2026-05-17T23:15:07.791230+00:00
157,INPROC_876147,1,10,team1,Team 1 (N/S),92,28,17,♦,finished,2026-05-17T23:15:07.807171+00:00
158,INPROC_797E8E,1,10,team2,Team 2 (E/W),35,85,39,♠,finished,2026-05-17T23:15:07.823371+00:00
159,INPROC_0EE5B5,1,10,team2,Team 2 (E/W),59,61,30,♠,finished,2026-05-17T23:15:07.839387+00:00
160,INPROC_109C7F,1,10,team2,Team 2 (E/W),31,89,33,♠,finished,2026-05-17T23:15:07.855177+00:00
161,INPROC_ED830B,1,10,team2,Team 2 (E/W),26,94,13,♦,finished,2026-05-17T23:15:07.871285+00:00
162,INPROC_BA3AF3,1,10,team2,Team 2 (E/W),26,94,4,♣,finished,2026-05-17T23:15:07.887591+00:00
163,INPROC_D3BBC5,1,10,team2,Team 2 (E/W),24,96,29,♥,finished,2026-05-17T23:15:07.903893+00:00
164,INPROC_3FD856,1,10,team2,Team 2 (E/W),33,87,7,♣,finished,2026-05-17T23:15:07.920409+00:00
165,INPROC_EE62AB,1,10,team2,Team 2 (E/W),41,79,8,♣,finished,2026-05-17T23:15:07.936958+00:00
166,INPROC_40C013,1,10,team2,Team 2 (E/W),51,69,13,♦,finished,2026-05-17T23:15:07.953161+00:00
167,INPROC_6D89C8,1,10,team2,Team 2 (E/W),57,63,21,♥,finished,2026-05-17T23:15:07.969286+00:00
168,INPROC_35C413,1,10,team1,Team 1 (N/S),81,39,32,♠,finished,2026-05-17T23:15:07.985436+00:00
169,INPROC_206EA0,1,10,team2,Team 2 (E/W),28,92,35,♠,finished,2026-05-17T23:15:08.001534+00:00
170,INPROC_B62D80,1,10,team2,Team 2 (E/W),29,91,26,♥,finished,2026-05-17T23:15:08.017655+00:00
171,INPROC_EE05DB,1,10,team1,Team 1 (N/S),65,55,10,♦,finished,2026-05-17T23:15:08.034031+00:00
172,INPROC_589DAC,1,10,team1,Team 1 (N/S),62,58,27,♥,finished,2026-05-17T23:15:08.049884+00:00
173,INPROC_5B3724,1,10,team2,Team 2 (E/W),34,86,31,♠,finished,2026-05-17T23:15:08.066432+00:00
174,INPROC_C93E47,1,10,team2,Team 2 (E/W),59,61,15,♦,finished,2026-05-17T23:15:08.082149+00:00
175,INPROC_46865A,1,10,team2,Team 2 (E/W),47,73,7,♣,finished,2026-05-17T23:15:08.097933+00:00
176,INPROC_F76524,1,10,team1,Team 1 (N/S),71,49,1,♣,finished,2026-05-17T23:15:08.114239+00:00
177,INPROC_8DF477,1,10,team2,Team 2 (E/W),42,78,5,♣,finished,2026-05-17T23:15:08.130702+00:00
178,INPROC_67FE4E,1,10,draw,draw,60,60,23,♥,finished,2026-05-17T23:15:08.147032+00:00
179,INPROC_AF3646,1,10,team1,Team 1 (N/S),63,57,22,♥,finished,2026-05-17T23:15:08.163271+00:00
180,INPROC_B86971,1,10,team2,Team 2 (E/W),37,83,7,♣,finished,2026-05-17T23:15:08.179623+00:00
181,INPROC_0DD901,1,10,team1,Team 1 (N/S),64,56,20,♥,finished,2026-05-17T23:15:08.195679+00:00
182,INPROC_7D70EA,1,10,team2,Team 2 (E/W),57,63,9,♣,finished,2026-05-17T23:15:08.211013+00:00
183,INPROC_FC7E28,1,10,team2,Team 2 (E/W),32,88,19,♦,finished,2026-05-17T23:15:08.227267+00:00
184,INPROC_64511A,1,10,team2,Team 2 (E/W),44,76,20,♥,finished,2026-05-17T23:15:08.242636+00:00
185,INPROC_0CB59D,1,10,team1,Team 1 (N/S),75,45,20,♥,finished,2026-05-17T23:15:08.258011+00:00
186,INPROC_306854,1,10,team1,Team 1 (N/S),69,51,6,♣,finished,2026-05-17T23:15:08.273347+00:00
187,INPROC_F5FE12,1,10,team2,Team 2 (E/W),40,80,12,♦,finished,2026-05-17T23:15:08.289055+00:00
188,INPROC_8443C2,1,10,team1,Team 1 (N/S),90,30,19,♦,finished,2026-05-17T23:15:08.305124+00:00
189,INPROC_B28E18,1,10,team1,Team 1 (N/S),61,59,27,♥,finished,2026-05-17T23:15:08.321739+00:00
190,INPROC_22EE9A,1,10,team1,Team 1 (N/S),85,35,21,♥,finished,2026-05-17T23:15:08.338248+00:00
191,INPROC_609ADE,1,10,team2,Team 2 (E/W),54,66,2,♣,finished,2026-05-17T23:15:08.354365+00:00
192,INPROC_9FA20C,1,10,team1,Team 1 (N/S),66,54,33,♠,finished,2026-05-17T23:15:08.371477+00:00
193,INPROC_074B8D,1,10,team1,Team 1 (N/S),82,38,5,♣,finished,2026-05-17T23:15:08.388134+00:00
194,INPROC_B3A94B,1,10,team1,Team 1 (N/S),62,58,9,♣,finished,2026-05-17T23:15:08.404552+00:00
195,INPROC_00CB90,1,10,team1,Team 1 (N/S),64,56,13,♦,finished,2026-05-17T23:15:08.421641+00:00
196,INPROC_2D911E,1,10,team2,Team 2 (E/W),48,72,9,♣,finished,2026-05-17T23:15:08.437401+00:00
197,INPROC_E1F496,1,10,team2,Team 2 (E/W),28,92,31,♠,finished,2026-05-17T23:15:08.452816+00:00
198,INPROC_4029C6,1,10,team1,Team 1 (N/S),72,48,26,♥,finished,2026-05-17T23:15:08.468644+00:00
199,INPROC_8858F1,1,10,team2,Team 2 (E/W),58,62,22,♥,finished,2026-05-17T23:15:08.484041+00:00
200,INPROC_AEC991,1,10,team1,Team 1 (N/S),63,57,3,♣,finished,2026-05-17T23:15:08.498960+00:00
201,INPROC_726FE5,1,10,team1,Team 1 (N/S),68,52,17,♦,finished,2026-05-17T23:15:08.515080+00:00
202,INPROC_BA8B82,1,10,team1,Team 1 (N/S),94,26,0,♣,finished,2026-05-17T23:15:08.531149+00:00
203,INPROC_B82B66,1,10,team2,Team 2 (E/W),57,63,13,♦,finished,2026-05-17T23:15:08.546809+00:00
204,INPROC_DECD89,1,10,team1,Team 1 (N/S),66,54,6,♣,finished,2026-05-17T23:15:08.561766+00:00
205,INPROC_ACB0A6,1,10,team2,Team 2 (E/W),47,73,25,♥,finished,2026-05-17T23:15:08.576834+00:00
206,INPROC_78E285,1,10,team1,Team 1 (N/S),105,15,13,♦,finished,2026-05-17T23:15:08.591901+00:00
207,INPROC_BCD672,1,10,team2,Team 2 (E/W),11,109,39,♠,finished,2026-05-17T23:15:08.607551+00:00
208,INPROC_C7E4DE,1,10,team1,Team 1 (N/S),65,55,29,♥,finished,2026-05-17T23:15:08.622518+00:00
209,INPROC_FB3E4A,1,10,team1,Team 1 (N/S),65,55,13,♦,finished,2026-05-17T23:15:08.637437+00:00
210,INPROC_C25B4A,1,10,team2,Team 2 (E/W),49,71,34,♠,finished,2026-05-17T23:15:08.653049+00:00
211,INPROC_5469CF,1,10,team2,Team 2 (E/W),34,86,10,♦,finished,2026-05-17T23:15:08.669097+00:00
212,INPROC_A69F10,1,10,team1,Team 1 (N/S),67,53,13,♦,finished,2026-05-17T23:15:08.685112+00:00
213,INPROC_98FA2F,1,10,team1,Team 1 (N/S),116,4,11,♦,finished,2026-05-17T23:15:08.701271+00:00
214,INPROC_FE6204,1,10,team1,Team 1 (N/S),92,28,22,♥,finished,2026-05-17T23:15:08.717382+00:00
215,INPROC_E047B2,1,10,team1,Team 1 (N/S),76,44,12,♦,finished,2026-05-17T23:15:08.733539+00:00
216,INPROC_79118A,1,10,team1,Team 1 (N/S),73,47,34,♠,finished,2026-05-17T23:15:08.749408+00:00
217,INPROC_0DC956,1,10,team1,Team 1 (N/S),73,47,28,♥,finished,2026-05-17T23:15:08.765293+00:00
218,INPROC_5BA3C0,1,10,team2,Team 2 (E/W),58,62,16,♦,finished,2026-05-17T23:15:08.781079+00:00
219,INPROC_9E5F99,1,10,team1,Team 1 (N/S),90,30,10,♦,finished,2026-05-17T23:15:08.797075+00:00
220,INPROC_1A1686,1,10,team1,Team 1 (N/S),61,59,9,♣,finished,2026-05-17T23:15:08.812964+00:00
221,INPROC_0C6124,1,10,team1,Team 1 (N/S),92,28,27,♥,finished,2026-05-17T23:15:08.829253+00:00
222,INPROC_2BCFC3,1,10,team1,Team 1 (N/S),68,52,33,♠,finished,2026-05-17T23:15:08.845753+00:00
223,INPROC_872837,1,10,team1,Team 1 (N/S),102,18,3,♣,finished,2026-05-17T23:15:08.861934+00:00
224,INPROC_DFB3AA,1,10,team2,Team 2 (E/W),50,70,1,♣,finished,2026-05-17T23:15:08.877857+00:00
225,INPROC_B017AF,1,10,team1,Team 1 (N/S),66,54,3,♣,finished,2026-05-17T23:15:08.893795+00:00
226,INPROC_8D5C05,1,10,draw,draw,60,60,0,♣,finished,2026-05-17T23:15:08.909256+00:00
227,INPROC_08BE27,1,10,team2,Team 2 (E/W),52,68,20,♥,finished,2026-05-17T23:15:08.925624+00:00
228,INPROC_F6E63E,1,10,team2,Team 2 (E/W),35,85,19,♦,finished,2026-05-17T23:15:08.941302+00:00
229,INPROC_06B5F2,1,10,team1,Team 1 (N/S),61,59,38,♠,finished,2026-05-17T23:15:08.956588+00:00
230,INPROC_C5D0A3,1,10,team2,Team 2 (E/W),59,61,13,♦,finished,2026-05-17T23:15:08.971703+00:00
231,INPROC_354EEC,1,10,team2,Team 2 (E/W),40,80,16,♦,finished,2026-05-17T23:15:08.986708+00:00
232,INPROC_7B9CCB,1,10,team2,Team 2 (E/W),43,77,1,♣,finished,2026-05-17T23:15:09.002050+00:00
233,INPROC_AE6711,1,10,team2,Team 2 (E/W),57,63,38,♠,finished,2026-05-17T23:15:09.017705+00:00
234,INPROC_C959C7,1,10,team1,Team 1 (N/S),83,37,34,♠,finished,2026-05-17T23:15:09.033450+00:00
235,INPROC_E6F763,1,10,team1,Team 1 (N/S),71,49,8,♣,finished,2026-05-17T23:15:09.048592+00:00
236,INPROC_585D3C,1,10,team1,Team 1 (N/S),109,11,4,♣,finished,2026-05-17T23:15:09.063659+00:00
237,INPROC_CA70C8,1,10,team1,Team 1 (N/S),96,24,15,♦,finished,2026-05-17T23:15:09.078605+00:00
238,INPROC_3C873A,1,10,team2,Team 2 (E/W),57,63,27,♥,finished,2026-05-17T23:15:09.093774+00:00
239,INPROC_68F664,1,10,team1,Team 1 (N/S),73,47,6,♣,finished,2026-05-17T23:15:09.108368+00:00
240,INPROC_696C69,1,10,team2,Team 2 (E/W),57,63,38,♠,finished,2026-05-17T23:15:09.123305+00:00
241,INPROC_6A942E,1,10,team2,Team 2 (E/W),46,74,35,♠,finished,2026-05-17T23:15:09.138404+00:00
242,INPROC_19C04E,1,10,team1,Team 1 (N/S),90,30,2,♣,finished,2026-05-17T23:15:09.154256+00:00
243,INPROC_E0A12B,1,10,team2,Team 2 (E/W),51,69,3,♣,finished,2026-05-17T23:15:09.170590+00:00
244,INPROC_3A2C81,1,10,team2,Team 2 (E/W),43,77,21,♥,finished,2026-05-17T23:15:09.186543+00:00
245,INPROC_FEDE95,1,10,team1,Team 1 (N/S),63,57,31,♠,finished,2026-05-17T23:15:09.202715+00:00
246,INPROC_374592,1,10,team2,Team 2 (E/W),45,75,7,♣,finished,2026-05-17T23:15:09.218920+00:00
247,INPROC_7ABFAB,1,10,team2,Team 2 (E/W),58,62,21,♥,finished,2026-05-17T23:15:09.234300+00:00
248,INPROC_EC829E,1,10,team2,Team 2 (E/W),36,84,39,♠,finished,2026-05-17T23:15:09.249081+00:00
249,INPROC_1E3EE8,1,10,team2,Team 2 (E/W),23,97,16,♦,finished,2026-05-17T23:15:09.264347+00:00
250,INPROC_802E05,1,10,team2,Team 2 (E/W),33,87,39,♠,finished,2026-05-17T23:15:09.279386+00:00
251,INPROC_FCE062,1,10,team2,Team 2 (E/W),57,63,23,♥,finished,2026-05-17T23:15:09.294239+00:00
252,INPROC_69CD9F,1,10,team1,Team 1 (N/S),86,34,2,♣,finished,2026-05-17T23:15:09.309402+00:00
253,INPROC_E79473,1,10,team2,Team 2 (E/W),24,96,22,♥,finished,2026-05-17T23:15:09.325404+00:00
254,INPROC_83158D,1,10,draw,draw,60,60,16,♦,finished,2026-05-17T23:15:09.341605+00:00
255,INPROC_F84518,1,10,team1,Team 1 (N/S),70,50,25,♥,finished,2026-05-17T23:15:09.357628+00:00
256,INPROC_BE0EF8,1,10,team1,Team 1 (N/S),103,17,21,♥,finished,2026-05-17T23:15:09.373626+00:00
257,INPROC_AB7C82,1,10,team1,Team 1 (N/S),63,57,7,♣,finished,2026-05-17T23:15:09.389349+00:00
258,INPROC_B0AD32,1,10,team2,Team 2 (E/W),33,87,3,♣,finished,2026-05-17T23:15:09.405418+00:00
259,INPROC_FA4DF7,1,10,draw,draw,60,60,38,♠,finished,2026-05-17T23:15:09.421078+00:00
260,INPROC_4DCD38,1,10,team1,Team 1 (N/S),75,45,21,♥,finished,2026-05-17T23:15:09.436318+00:00
261,INPROC_F301BE,1,10,team1,Team 1 (N/S),62,58,29,♥,finished,2026-05-17T23:15:09.451488+00:00
262,INPROC_F8DA86,1,10,team2,Team 2 (E/W),21,99,2,♣,finished,2026-05-17T23:15:09.466747+00:00
263,INPROC_B8268E,1,10,team2,Team 2 (E/W),30,90,18,♦,finished,2026-05-17T23:15:09.482036+00:00
264,INPROC_C3EE9E,1,10,team2,Team 2 (E/W),41,79,25,♥,finished,2026-05-17T23:15:09.497410+00:00
265,INPROC_43B640,1,10,team2,Team 2 (E/W),36,84,21,♥,finished,2026-05-17T23:15:09.514211+00:00
266,INPROC_3E420E,1,10,team2,Team 2 (E/W),28,92,26,♥,finished,2026-05-17T23:15:09.531242+00:00
267,INPROC_09DA99,1,10,team1,Team 1 (N/S),84,36,11,♦,finished,2026-05-17T23:15:09.547548+00:00
268,INPROC_360774,1,10,team2,Team 2 (E/W),26,94,39,♠,finished,2026-05-17T23:15:09.563978+00:00
269,INPROC_7BEC5A,1,10,team2,Team 2 (E/W),34,86,39,♠,finished,2026-05-17T23:15:09.580219+00:00
270,INPROC_D22735,1,10,team2,Team 2 (E/W),33,87,8,♣,finished,2026-05-17T23:15:09.596258+00:00
271,INPROC_52DCA2,1,10,team1,Team 1 (N/S),72,48,9,♣,finished,2026-05-17T23:15:09.613091+00:00
272,INPROC_B4E21A,1,10,team2,Team 2 (E/W),4,116,39,♠,finished,2026-05-17T23:15:09.629654+00:00
273,INPROC_F549A7,1,10,team2,Team 2 (E/W),24,96,32,♠,finished,2026-05-17T23:15:09.646269+00:00
274,INPROC_2F7E82,1,10,team1,Team 1 (N/S),80,40,4,♣,finished,2026-05-17T23:15:09.663071+00:00
275,INPROC_29C9DD,1,10,team2,Team 2 (E/W),17,103,36,♠,finished,2026-05-17T23:15:09.679389+00:00
276,INPROC_A979D1,1,10,team1,Team 1 (N/S),78,42,0,♣,finished,2026-05-17T23:15:09.697223+00:00
277,INPROC_DADF80,1,10,team2,Team 2 (E/W),48,72,2,♣,finished,2026-05-17T23:15:09.713760+00:00
278,INPROC_04F18F,1,10,team2,Team 2 (E/W),10,110,3,♣,finished,2026-05-17T23:15:09.730274+00:00
279,INPROC_9A467D,1,10,team1,Team 1 (N/S),64,56,39,♠,finished,2026-05-17T23:15:09.746682+00:00
280,INPROC_AB7BD6,1,10,team2,Team 2 (E/W),52,68,2,♣,finished,2026-05-17T23:15:09.769082+00:00
281,INPROC_3A1749,1,10,team2,Team 2 (E/W),14,106,11,♦,finished,2026-05-17T23:15:09.789553+00:00
282,INPROC_FD95A7,1,10,team2,Team 2 (E/W),46,74,30,♠,finished,2026-05-17T23:15:09.810196+00:00
283,INPROC_3585B1,1,10,team1,Team 1 (N/S),117,3,22,♥,finished,2026-05-17T23:15:09.830230+00:00
284,INPROC_28D2F1,1,10,team2,Team 2 (E/W),53,67,39,♠,finished,2026-05-17T23:15:09.854749+00:00
285,INPROC_BBFDA3,1,10,team2,Team 2 (E/W),29,91,20,♥,finished,2026-05-17T23:15:09.881217+00:00
286,INPROC_376F1A,1,10,team2,Team 2 (E/W),48,72,39,♠,finished,2026-05-17T23:15:09.904833+00:00
287,INPROC_C359BF,1,10,team2,Team 2 (E/W),45,75,4,♣,finished,2026-05-17T23:15:09.935749+00:00
288,INPROC_0A72BB,1,10,team2,Team 2 (E/W),27,93,31,♠,finished,2026-05-17T23:15:09.956000+00:00
289,INPROC_5F6983,1,10,team1,Team 1 (N/S),87,33,4,♣,finished,2026-05-17T23:15:09.973432+00:00
290,INPROC_9E5FF6,1,10,team2,Team 2 (E/W),19,101,9,♣,finished,2026-05-17T23:15:09.992721+00:00
291,INPROC_A6FD3B,1,10,team1,Team 1 (N/S),62,58,1,♣,finished,2026-05-17T23:15:10.012184+00:00
292,INPROC_8B7010,1,10,team1,Team 1 (N/S),78,42,35,♠,finished,2026-05-17T23:15:10.032483+00:00
293,INPROC_7F32EC,1,10,team1,Team 1 (N/S),91,29,32,♠,finished,2026-05-17T23:15:10.050366+00:00
294,INPROC_EFFE2C,1,10,team1,Team 1 (N/S),66,54,36,♠,finished,2026-05-17T23:15:10.067934+00:00
295,INPROC_6750FE,1,10,team1,Team 1 (N/S),73,47,4,♣,finished,2026-05-17T23:15:10.085319+00:00
296,INPROC_478C32,1,10,team2,Team 2 (E/W),22,98,21,♥,finished,2026-05-17T23:15:10.104327+00:00
297,INPROC_FB432D,1,10,team1,Team 1 (N/S),82,38,26,♥,finished,2026-05-17T23:15:10.122604+00:00
298,INPROC_9BADB6,1,10,team2,Team 2 (E/W),58,62,17,♦,finished,2026-05-17T23:15:10.139909+00:00
299,INPROC_1709DA,1,10,team2,Team 2 (E/W),41,79,38,♠,finished,2026-05-17T23:15:10.160337+00:00
300,INPROC_8D8057,1,10,team1,Team 1 (N/S),66,54,28,♥,finished,2026-05-17T23:15:10.176680+00:00
301,INPROC_75F02C,1,10,team2,Team 2 (E/W),32,88,17,♦,finished,2026-05-17T23:15:10.193994+00:00
302,INPROC_3B1869,1,10,draw,draw,60,60,27,♥,finished,2026-05-17T23:15:10.212307+00:00
303,INPROC_175EE6,1,10,team2,Team 2 (E/W),44,76,28,♥,finished,2026-05-17T23:15:10.232008+00:00
304,INPROC_1572F1,1,10,draw,draw,60,60,2,♣,finished,2026-05-17T23:15:10.250929+00:00
305,INPROC_75DD0F,1,10,team1,Team 1 (N/S),68,52,14,♦,finished,2026-05-17T23:15:10.269308+00:00
306,INPROC_505969,1,10,team2,Team 2 (E/W),15,105,23,♥,finished,2026-05-17T23:15:10.288212+00:00
307,INPROC_5366BF,1,10,team1,Team 1 (N/S),75,45,4,♣,finished,2026-05-17T23:15:10.306714+00:00
308,INPROC_AA1CC1,1,10,team2,Team 2 (E/W),54,66,29,♥,finished,2026-05-17T23:15:10.327032+00:00
309,INPROC_E4EB34,1,10,team2,Team 2 (E/W),58,62,12,♦,finished,2026-05-17T23:15:10.347405+00:00
310,INPROC_E24C97,1,10,team1,Team 1 (N/S),72,48,10,♦,finished,2026-05-17T23:15:10.369633+00:00
311,INPROC_4B9F37,1,10,team1,Team 1 (N/S),78,42,23,♥,finished,2026-05-17T23:15:10.392377+00:00
312,INPROC_14EB76,1,10,team2,Team 2 (E/W),5,115,37,♠,finished,2026-05-17T23:15:10.413942+00:00
313,INPROC_FD7C50,1,10,team1,Team 1 (N/S),63,57,27,♥,finished,2026-05-17T23:15:10.434564+00:00
314,INPROC_304988,1,10,team1,Team 1 (N/S),64,56,24,♥,finished,2026-05-17T23:15:10.454634+00:00
315,INPROC_B1826B,1,10,team1,Team 1 (N/S),85,35,27,♥,finished,2026-05-17T23:15:10.475167+00:00
316,INPROC_60004E,1,10,team1,Team 1 (N/S),77,43,16,♦,finished,2026-05-17T23:15:10.495567+00:00
317,INPROC_82F314,1,10,team1,Team 1 (N/S),81,39,28,♥,finished,2026-05-17T23:15:10.516707+00:00
318,INPROC_CFFB1C,1,10,team1,Team 1 (N/S),63,57,15,♦,finished,2026-05-17T23:15:10.537715+00:00
319,INPROC_A47B96,1,10,team1,Team 1 (N/S),66,54,37,♠,finished,2026-05-17T23:15:10.558997+00:00
320,INPROC_1CBC7E,1,10,team1,Team 1 (N/S),85,35,34,♠,finished,2026-05-17T23:15:10.579845+00:00
321,INPROC_2A1495,1,10,team2,Team 2 (E/W),27,93,4,♣,finished,2026-05-17T23:15:10.600786+00:00
322,INPROC_140D01,1,10,team2,Team 2 (E/W),29,91,28,♥,finished,2026-05-17T23:15:10.623773+00:00
323,INPROC_ADF53F,1,10,team2,Team 2 (E/W),39,81,22,♥,finished,2026-05-17T23:15:10.645167+00:00
324,INPROC_B1EBD5,1,10,team2,Team 2 (E/W),33,87,29,♥,finished,2026-05-17T23:15:10.666015+00:00
325,INPROC_9DE475,1,10,team2,Team 2 (E/W),54,66,14,♦,finished,2026-05-17T23:15:10.686656+00:00
326,INPROC_0B3913,1,10,team1,Team 1 (N/S),62,58,23,♥,finished,2026-05-17T23:15:10.708553+00:00
327,INPROC_275A95,1,10,team2,Team 2 (E/W),45,75,14,♦,finished,2026-05-17T23:15:10.735354+00:00
328,INPROC_EC424F,1,10,team2,Team 2 (E/W),29,91,5,♣,finished,2026-05-17T23:15:10.761887+00:00
329,INPROC_4CA3FE,1,10,team1,Team 1 (N/S),73,47,24,♥,finished,2026-05-17T23:15:10.783357+00:00
330,INPROC_ABEF86,1,10,team1,Team 1 (N/S),76,44,10,♦,finished,2026-05-17T23:15:10.804361+00:00
331,INPROC_D0F843,1,10,team1,Team 1 (N/S),92,28,26,♥,finished,2026-05-17T23:15:10.825466+00:00
332,INPROC_F2B9DF,1,10,team2,Team 2 (E/W),35,85,34,♠,finished,2026-05-17T23:15:10.846546+00:00
333,INPROC_5D51C5,1,10,team1,Team 1 (N/S),84,36,28,♥,finished,2026-05-17T23:15:10.867425+00:00
334,INPROC_FED106,1,10,team1,Team 1 (N/S),67,53,32,♠,finished,2026-05-17T23:15:10.885333+00:00
335,INPROC_73392F,1,10,team2,Team 2 (E/W),33,87,7,♣,finished,2026-05-17T23:15:10.904724+00:00
336,INPROC_CB1516,1,10,team2,Team 2 (E/W),47,73,1,♣,finished,2026-05-17T23:15:10.925858+00:00
337,INPROC_499FF7,1,10,team1,Team 1 (N/S),91,29,16,♦,finished,2026-05-17T23:15:10.949787+00:00
338,INPROC_F042BC,1,10,team1,Team 1 (N/S),62,58,6,♣,finished,2026-05-17T23:15:10.970925+00:00
339,INPROC_7CF90B,1,10,team1,Team 1 (N/S),66,54,23,♥,finished,2026-05-17T23:15:10.988952+00:00
340,INPROC_19DC81,1,10,team2,Team 2 (E/W),53,67,36,♠,finished,2026-05-17T23:15:11.006434+00:00
341,INPROC_D60B58,1,10,team2,Team 2 (E/W),21,99,21,♥,finished,2026-05-17T23:15:11.023861+00:00
342,INPROC_B858E9,1,10,team1,Team 1 (N/S),78,42,10,♦,finished,2026-05-17T23:15:11.040524+00:00
343,INPROC_D4AEC0,1,10,team2,Team 2 (E/W),17,103,30,♠,finished,2026-05-17T23:15:11.056725+00:00
344,INPROC_1771F4,1,10,team1,Team 1 (N/S),68,52,10,♦,finished,2026-05-17T23:15:11.072673+00:00
345,INPROC_584B08,1,10,team2,Team 2 (E/W),39,81,17,♦,finished,2026-05-17T23:15:11.088092+00:00
346,INPROC_4D06B4,1,10,team1,Team 1 (N/S),66,54,32,♠,finished,2026-05-17T23:15:11.103327+00:00
347,INPROC_30B00F,1,10,team1,Team 1 (N/S),100,20,4,♣,finished,2026-05-17T23:15:11.118494+00:00
348,INPROC_2E439A,1,10,team1,Team 1 (N/S),97,23,34,♠,finished,2026-05-17T23:15:11.133741+00:00
349,INPROC_2DA707,1,10,team2,Team 2 (E/W),30,90,2,♣,finished,2026-05-17T23:15:11.148813+00:00
350,INPROC_BE4AA7,1,10,team1,Team 1 (N/S),62,58,26,♥,finished,2026-05-17T23:15:11.164412+00:00
351,INPROC_163240,1,10,team1,Team 1 (N/S),117,3,14,♦,finished,2026-05-17T23:15:11.179634+00:00
352,INPROC_0E8346,1,10,team2,Team 2 (E/W),57,63,16,♦,finished,2026-05-17T23:15:11.194962+00:00
353,INPROC_B8DA11,1,10,team2,Team 2 (E/W),59,61,29,♥,finished,2026-05-17T23:15:11.210131+00:00
354,INPROC_F0A6A7,1,10,team2,Team 2 (E/W),33,87,6,♣,finished,2026-05-17T23:15:11.225070+00:00
355,INPROC_EB3DEB,1,10,team2,Team 2 (E/W),45,75,17,♦,finished,2026-05-17T23:15:11.240131+00:00
356,INPROC_B24482,1,10,team1,Team 1 (N/S),66,54,11,♦,finished,2026-05-17T23:15:11.255051+00:00
357,INPROC_5045BD,1,10,team2,Team 2 (E/W),35,85,21,♥,finished,2026-05-17T23:15:11.270165+00:00
358,INPROC_788BF7,1,10,team1,Team 1 (N/S),73,47,24,♥,finished,2026-05-17T23:15:11.285385+00:00
359,INPROC_6F672A,1,10,team2,Team 2 (E/W),55,65,19,♦,finished,2026-05-17T23:15:11.300588+00:00
360,INPROC_1D810D,1,10,team1,Team 1 (N/S),74,46,5,♣,finished,2026-05-17T23:15:11.315836+00:00
361,INPROC_7AC10E,1,10,team2,Team 2 (E/W),29,91,23,♥,finished,2026-05-17T23:15:11.331626+00:00
362,INPROC_D11FC1,1,10,team1,Team 1 (N/S),77,43,27,♥,finished,2026-05-17T23:15:11.347001+00:00
363,INPROC_EE2344,1,10,team1,Team 1 (N/S),68,52,7,♣,finished,2026-05-17T23:15:11.363133+00:00
364,INPROC_922E1A,1,10,team2,Team 2 (E/W),27,93,2,♣,finished,2026-05-17T23:15:11.381150+00:00
365,INPROC_874DE2,1,10,team2,Team 2 (E/W),0,120,22,♥,finished,2026-05-17T23:15:11.400208+00:00
366,INPROC_A81EF0,1,10,team2,Team 2 (E/W),48,72,20,♥,finished,2026-05-17T23:15:11.414879+00:00
367,INPROC_8E1B0A,1,10,team1,Team 1 (N/S),84,36,28,♥,finished,2026-05-17T23:15:11.431788+00:00
368,INPROC_57770B,1,10,team2,Team 2 (E/W),44,76,28,♥,finished,2026-05-17T23:15:11.448400+00:00
369,INPROC_BFA2A0,1,10,team1,Team 1 (N/S),86,34,30,♠,finished,2026-05-17T23:15:11.462673+00:00
370,INPROC_617F4C,1,10,team1,Team 1 (N/S),90,30,23,♥,finished,2026-05-17T23:15:11.479250+00:00
371,INPROC_E2D794,1,10,team1,Team 1 (N/S),93,27,13,♦,finished,2026-05-17T23:15:11.495347+00:00
372,INPROC_04198E,1,10,team1,Team 1 (N/S),71,49,16,♦,finished,2026-05-17T23:15:11.511714+00:00
373,INPROC_E0F256,1,10,team1,Team 1 (N/S),79,41,5,♣,finished,2026-05-17T23:15:11.527581+00:00
374,INPROC_0EB7B0,1,10,team1,Team 1 (N/S),100,20,37,♠,finished,2026-05-17T23:15:11.543436+00:00
375,INPROC_42B16A,1,10,team2,Team 2 (E/W),23,97,25,♥,finished,2026-05-17T23:15:11.559245+00:00
376,INPROC_FAE3BC,1,10,team1,Team 1 (N/S),72,48,32,♠,finished,2026-05-17T23:15:11.575115+00:00
377,INPROC_29BD9D,1,10,team2,Team 2 (E/W),43,77,9,♣,finished,2026-05-17T23:15:11.591604+00:00
378,INPROC_C65AF7,1,10,team1,Team 1 (N/S),61,59,24,♥,finished,2026-05-17T23:15:11.608189+00:00
379,INPROC_BB6161,1,10,team2,Team 2 (E/W),28,92,38,♠,finished,2026-05-17T23:15:11.622394+00:00
380,INPROC_96D812,1,10,team2,Team 2 (E/W),19,101,8,♣,finished,2026-05-17T23:15:11.639148+00:00
381,INPROC_927BE0,1,10,team2,Team 2 (E/W),27,93,38,♠,finished,2026-05-17T23:15:11.654954+00:00
382,INPROC_263C1B,1,10,team1,Team 1 (N/S),68,52,36,♠,finished,2026-05-17T23:15:11.671391+00:00
383,INPROC_AB464F,1,10,team2,Team 2 (E/W),59,61,10,♦,finished,2026-05-17T23:15:11.687264+00:00
384,INPROC_855504,1,10,team2,Team 2 (E/W),21,99,28,♥,finished,2026-05-17T23:15:11.703213+00:00
385,INPROC_D1866A,1,10,team1,Team 1 (N/S),97,23,24,♥,finished,2026-05-17T23:15:11.718896+00:00
386,INPROC_6B37F0,1,10,team2,Team 2 (E/W),41,79,13,♦,finished,2026-05-17T23:15:11.734990+00:00
387,INPROC_261780,1,10,team1,Team 1 (N/S),107,13,10,♦,finished,2026-05-17T23:15:11.751653+00:00
388,INPROC_3B6B66,1,10,draw,draw,60,60,15,♦,finished,2026-05-17T23:15:11.768328+00:00
389,INPROC_0D2272,1,10,team1,Team 1 (N/S),73,47,16,♦,finished,2026-05-17T23:15:11.784156+00:00
390,INPROC_0DE218,1,10,team1,Team 1 (N/S),69,51,32,♠,finished,2026-05-17T23:15:11.800021+00:00
391,INPROC_955F3E,1,10,team1,Team 1 (N/S),61,59,12,♦,finished,2026-05-17T23:15:11.815918+00:00
392,INPROC_43EDA4,1,10,team1,Team 1 (N/S),96,24,31,♠,finished,2026-05-17T23:15:11.831840+00:00
393,INPROC_AB7F08,1,10,team1,Team 1 (N/S),75,45,11,♦,finished,2026-05-17T23:15:11.848613+00:00
394,INPROC_683E86,1,10,team2,Team 2 (E/W),37,83,2,♣,finished,2026-05-17T23:15:11.865380+00:00
395,INPROC_730BBD,1,10,team2,Team 2 (E/W),9,111,1,♣,finished,2026-05-17T23:15:11.879450+00:00
396,INPROC_C47427,1,10,team1,Team 1 (N/S),80,40,18,♦,finished,2026-05-17T23:15:11.896075+00:00
397,INPROC_B89803,1,10,team1,Team 1 (N/S),62,58,25,♥,finished,2026-05-17T23:15:11.911951+00:00
398,INPROC_CB86F3,1,10,team2,Team 2 (E/W),28,92,23,♥,finished,2026-05-17T23:15:11.928536+00:00
399,INPROC_546419,1,10,team1,Team 1 (N/S),86,34,13,♦,finished,2026-05-17T23:15:11.944655+00:00
400,INPROC_7D9B06,1,10,team2,Team 2 (E/W),43,77,37,♠,finished,2026-05-17T23:15:11.960802+00:00
401,INPROC_22C001,1,10,team1,Team 1 (N/S),75,45,7,♣,finished,2026-05-17T23:15:11.976538+00:00
402,INPROC_A9E243,1,10,team2,Team 2 (E/W),27,93,32,♠,finished,2026-05-17T23:15:11.993756+00:00
403,INPROC_9C6C81,1,10,team2,Team 2 (E/W),27,93,28,♥,finished,2026-05-17T23:15:12.012323+00:00
404,INPROC_8178CC,1,10,team1,Team 1 (N/S),61,59,17,♦,finished,2026-05-17T23:15:12.026296+00:00
405,INPROC_E091A7,1,10,team1,Team 1 (N/S),73,47,2,♣,finished,2026-05-17T23:15:12.042979+00:00
406,INPROC_8C5055,1,10,team1,Team 1 (N/S),61,59,37,♠,finished,2026-05-17T23:15:12.059567+00:00
407,INPROC_1C361D,1,10,team1,Team 1 (N/S),64,56,20,♥,finished,2026-05-17T23:15:12.073675+00:00
408,INPROC_2D8D2E,1,10,team1,Team 1 (N/S),74,46,36,♠,finished,2026-05-17T23:15:12.089783+00:00
409,INPROC_FA3944,1,10,team1,Team 1 (N/S),106,14,10,♦,finished,2026-05-17T23:15:12.105744+00:00
410,INPROC_C3797B,1,10,team1,Team 1 (N/S),75,45,34,♠,finished,2026-05-17T23:15:12.122147+00:00
411,INPROC_3868A8,1,10,team2,Team 2 (E/W),41,79,25,♥,finished,2026-05-17T23:15:12.138305+00:00
412,INPROC_BAEDDC,1,10,team1,Team 1 (N/S),82,38,25,♥,finished,2026-05-17T23:15:12.154448+00:00
413,INPROC_DD2E2B,1,10,team2,Team 2 (E/W),42,78,12,♦,finished,2026-05-17T23:15:12.170323+00:00
414,INPROC_F3B402,1,10,team2,Team 2 (E/W),27,93,37,♠,finished,2026-05-17T23:15:12.186244+00:00
415,INPROC_27EE31,1,10,team2,Team 2 (E/W),56,64,11,♦,finished,2026-05-17T23:15:12.202943+00:00
416,INPROC_B6771C,1,10,team1,Team 1 (N/S),78,42,36,♠,finished,2026-05-17T23:15:12.218194+00:00
417,INPROC_AA959B,1,10,team1,Team 1 (N/S),71,49,14,♦,finished,2026-05-17T23:15:12.232684+00:00
418,INPROC_872068,1,10,team1,Team 1 (N/S),97,23,15,♦,finished,2026-05-17T23:15:12.247865+00:00
419,INPROC_5917AD,1,10,team2,Team 2 (E/W),29,91,30,♠,finished,2026-05-17T23:15:12.263112+00:00
420,INPROC_6DC512,1,10,team2,Team 2 (E/W),32,88,8,♣,finished,2026-05-17T23:15:12.279840+00:00
421,INPROC_AB9828,1,10,team1,Team 1 (N/S),77,43,12,♦,finished,2026-05-17T23:15:12.296329+00:00
422,INPROC_27597C,1,10,team1,Team 1 (N/S),98,22,21,♥,finished,2026-05-17T23:15:12.313609+00:00
423,INPROC_BAF782,1,10,team2,Team 2 (E/W),58,62,13,♦,finished,2026-05-17T23:15:12.332076+00:00
424,INPROC_8E62C6,1,10,team1,Team 1 (N/S),65,55,15,♦,finished,2026-05-17T23:15:12.348937+00:00
425,INPROC_274A8F,1,10,team2,Team 2 (E/W),42,78,32,♠,finished,2026-05-17T23:15:12.370251+00:00
426,INPROC_5DB38E,1,10,team2,Team 2 (E/W),52,68,20,♥,finished,2026-05-17T23:15:12.388150+00:00
427,INPROC_9E1CC2,1,10,team1,Team 1 (N/S),69,51,32,♠,finished,2026-05-17T23:15:12.404638+00:00
428,INPROC_2A9602,1,10,team1,Team 1 (N/S),77,43,38,♠,finished,2026-05-17T23:15:12.420341+00:00
429,INPROC_E02BF6,1,10,team1,Team 1 (N/S),84,36,6,♣,finished,2026-05-17T23:15:12.435680+00:00
430,INPROC_884973,1,10,team1,Team 1 (N/S),71,49,39,♠,finished,2026-05-17T23:15:12.450730+00:00
431,INPROC_3A4EF8,1,10,team2,Team 2 (E/W),55,65,22,♥,finished,2026-05-17T23:15:12.465980+00:00
432,INPROC_BC881A,1,10,team2,Team 2 (E/W),27,93,23,♥,finished,2026-05-17T23:15:12.480995+00:00
433,INPROC_5A5439,1,10,team1,Team 1 (N/S),87,33,3,♣,finished,2026-05-17T23:15:12.495975+00:00
434,INPROC_905DF1,1,10,team2,Team 2 (E/W),49,71,2,♣,finished,2026-05-17T23:15:12.511092+00:00
435,INPROC_19DA5A,1,10,team2,Team 2 (E/W),51,69,39,♠,finished,2026-05-17T23:15:12.526130+00:00
436,INPROC_21B333,1,10,team2,Team 2 (E/W),15,105,3,♣,finished,2026-05-17T23:15:12.541849+00:00
437,INPROC_E98E07,1,10,team2,Team 2 (E/W),50,70,21,♥,finished,2026-05-17T23:15:12.560521+00:00
438,INPROC_0AA5C6,1,10,team2,Team 2 (E/W),47,73,12,♦,finished,2026-05-17T23:15:12.576025+00:00
439,INPROC_AF8DB4,1,10,team1,Team 1 (N/S),118,2,22,♥,finished,2026-05-17T23:15:12.594452+00:00
440,INPROC_96F01F,1,10,team1,Team 1 (N/S),75,45,8,♣,finished,2026-05-17T23:15:12.609593+00:00
441,INPROC_2B0CEC,1,10,team1,Team 1 (N/S),75,45,32,♠,finished,2026-05-17T23:15:12.627386+00:00
442,INPROC_C15D03,1,10,team1,Team 1 (N/S),84,36,36,♠,finished,2026-05-17T23:15:12.645036+00:00
443,INPROC_3D0632,1,10,team1,Team 1 (N/S),66,54,28,♥,finished,2026-05-17T23:15:12.663362+00:00
444,INPROC_A9512D,1,10,team1,Team 1 (N/S),71,49,6,♣,finished,2026-05-17T23:15:12.678630+00:00
445,INPROC_2F2FC5,1,10,team2,Team 2 (E/W),38,82,25,♥,finished,2026-05-17T23:15:12.695990+00:00
446,INPROC_3B4A6C,1,10,team1,Team 1 (N/S),80,40,37,♠,finished,2026-05-17T23:15:12.712491+00:00
447,INPROC_120041,1,10,team1,Team 1 (N/S),103,17,24,♥,finished,2026-05-17T23:15:12.726626+00:00
448,INPROC_15F6A1,1,10,team2,Team 2 (E/W),23,97,31,♠,finished,2026-05-17T23:15:12.743335+00:00
449,INPROC_0357F7,1,10,team1,Team 1 (N/S),63,57,13,♦,finished,2026-05-17T23:15:12.759709+00:00
450,INPROC_0C3F14,1,10,team2,Team 2 (E/W),27,93,18,♦,finished,2026-05-17T23:15:12.774171+00:00
451,INPROC_4E7AEC,1,10,team1,Team 1 (N/S),66,54,16,♦,finished,2026-05-17T23:15:12.789659+00:00
452,INPROC_5BF86A,1,10,team1,Team 1 (N/S),66,54,18,♦,finished,2026-05-17T23:15:12.806404+00:00
453,INPROC_0018D6,1,10,team2,Team 2 (E/W),49,71,34,♠,finished,2026-05-17T23:15:12.822945+00:00
454,INPROC_F89D57,1,10,team1,Team 1 (N/S),72,48,10,♦,finished,2026-05-17T23:15:12.837425+00:00
455,INPROC_98808C,1,10,team1,Team 1 (N/S),78,42,26,♥,finished,2026-05-17T23:15:12.853898+00:00
456,INPROC_E2878B,1,10,team1,Team 1 (N/S),69,51,38,♠,finished,2026-05-17T23:15:12.870127+00:00
457,INPROC_D935DE,1,10,team2,Team 2 (E/W),52,68,1,♣,finished,2026-05-17T23:15:12.886482+00:00
458,INPROC_C1D1A1,1,10,team1,Team 1 (N/S),69,51,33,♠,finished,2026-05-17T23:15:12.902521+00:00
459,INPROC_0AD451,1,10,team1,Team 1 (N/S),92,28,2,♣,finished,2026-05-17T23:15:12.918445+00:00
460,INPROC_D94E24,1,10,team2,Team 2 (E/W),45,75,0,♣,finished,2026-05-17T23:15:12.934424+00:00
461,INPROC_0A90F4,1,10,team2,Team 2 (E/W),38,82,18,♦,finished,2026-05-17T23:15:12.950912+00:00
462,INPROC_A15BC3,1,10,team1,Team 1 (N/S),70,50,22,♥,finished,2026-05-17T23:15:12.967169+00:00
463,INPROC_2E7E57,1,10,team2,Team 2 (E/W),36,84,36,♠,finished,2026-05-17T23:15:12.983745+00:00
464,INPROC_FCB15A,1,10,team1,Team 1 (N/S),102,18,14,♦,finished,2026-05-17T23:15:12.999453+00:00
465,INPROC_72FCE6,1,10,team1,Team 1 (N/S),63,57,21,♥,finished,2026-05-17T23:15:13.017421+00:00
466,INPROC_26DB05,1,10,team2,Team 2 (E/W),16,104,29,♥,finished,2026-05-17T23:15:13.032579+00:00
467,INPROC_E586DA,1,10,team1,Team 1 (N/S),69,51,13,♦,finished,2026-05-17T23:15:13.047201+00:00
468,INPROC_6732FB,1,10,team1,Team 1 (N/S),74,46,28,♥,finished,2026-05-17T23:15:13.061871+00:00
469,INPROC_04E70C,1,10,team2,Team 2 (E/W),33,87,36,♠,finished,2026-05-17T23:15:13.076652+00:00
470,INPROC_9654D7,1,10,team1,Team 1 (N/S),79,41,1,♣,finished,2026-05-17T23:15:13.091665+00:00
471,INPROC_0D582C,1,10,team1,Team 1 (N/S),66,54,19,♦,finished,2026-05-17T23:15:13.107000+00:00
472,INPROC_1D1CC7,1,10,team2,Team 2 (E/W),49,71,18,♦,finished,2026-05-17T23:15:13.121512+00:00
473,INPROC_0E454A,1,10,team2,Team 2 (E/W),43,77,34,♠,finished,2026-05-17T23:15:13.136228+00:00
474,INPROC_F9DE37,1,10,team2,Team 2 (E/W),28,92,29,♥,finished,2026-05-17T23:15:13.151495+00:00
475,INPROC_D1C3AA,1,10,team1,Team 1 (N/S),84,36,22,♥,finished,2026-05-17T23:15:13.166470+00:00
476,INPROC_285A85,1,10,team1,Team 1 (N/S),86,34,17,♦,finished,2026-05-17T23:15:13.181343+00:00
477,INPROC_F206C1,1,10,team2,Team 2 (E/W),48,72,0,♣,finished,2026-05-17T23:15:13.196162+00:00
478,INPROC_CE831B,1,10,team2,Team 2 (E/W),37,83,28,♥,finished,2026-05-17T23:15:13.211230+00:00
479,INPROC_19D919,1,10,team1,Team 1 (N/S),83,37,5,♣,finished,2026-05-17T23:15:13.225660+00:00
480,INPROC_C6F6E3,1,10,team1,Team 1 (N/S),102,18,39,♠,finished,2026-05-17T23:15:13.239859+00:00
481,INPROC_085120,1,10,team1,Team 1 (N/S),63,57,20,♥,finished,2026-05-17T23:15:13.254327+00:00
482,INPROC_0E75EC,1,10,team2,Team 2 (E/W),39,81,9,♣,finished,2026-05-17T23:15:13.268910+00:00
483,INPROC_6EF075,1,10,team1,Team 1 (N/S),70,50,12,♦,finished,2026-05-17T23:15:13.284267+00:00
484,INPROC_4C7B23,1,10,team1,Team 1 (N/S),116,4,35,♠,finished,2026-05-17T23:15:13.299278+00:00
485,INPROC_40AB59,1,10,team1,Team 1 (N/S),69,51,39,♠,finished,2026-05-17T23:15:13.314427+00:00
486,INPROC_A61E10,1,10,team1,Team 1 (N/S),69,51,12,♦,finished,2026-05-17T23:15:13.329478+00:00
487,INPROC_FFE283,1,10,team2,Team 2 (E/W),50,70,37,♠,finished,2026-05-17T23:15:13.344625+00:00
488,INPROC_4AC007,1,10,team1,Team 1 (N/S),87,33,13,♦,finished,2026-05-17T23:15:13.359641+00:00
489,INPROC_887C53,1,10,team1,Team 1 (N/S),62,58,15,♦,finished,2026-05-17T23:15:13.377864+00:00
490,INPROC_50D641,1,10,team2,Team 2 (E/W),57,63,15,♦,finished,2026-05-17T23:15:13.394187+00:00
491,INPROC_35619B,1,10,team1,Team 1 (N/S),90,30,30,♠,finished,2026-05-17T23:15:13.410147+00:00
492,INPROC_7C5785,1,10,team1,Team 1 (N/S),83,37,0,♣,finished,2026-05-17T23:15:13.425538+00:00
493,INPROC_3DFBA6,1,10,team2,Team 2 (E/W),44,76,15,♦,finished,2026-05-17T23:15:13.440640+00:00
494,INPROC_9E9AC9,1,10,team2,Team 2 (E/W),57,63,7,♣,finished,2026-05-17T23:15:13.455977+00:00
495,INPROC_E21559,1,10,team2,Team 2 (E/W),54,66,2,♣,finished,2026-05-17T23:15:13.470958+00:00
496,INPROC_2305F0,1,10,team2,Team 2 (E/W),32,88,14,♦,finished,2026-05-17T23:15:13.486195+00:00
497,INPROC_01B2D3,1,10,team1,Team 1 (N/S),62,58,16,♦,finished,2026-05-17T23:15:13.501408+00:00
498,INPROC_B6A04B,1,10,team1,Team 1 (N/S),92,28,26,♥,finished,2026-05-17T23:15:13.516510+00:00
499,INPROC_6D1900,1,10,team2,Team 2 (E/W),24,96,11,♦,finished,2026-05-17T23:15:13.531266+00:00
500,INPROC_712363,1,10,draw,draw,60,60,38,♠,finished,2026-05-17T23:15:13.546404+00:00
501,INPROC_0EB5E0,1,10,team1,Team 1 (N/S),76,44,31,♠,finished,2026-05-17T23:15:13.561563+00:00
502,INPROC_421750,1,10,team1,Team 1 (N/S),83,37,12,♦,finished,2026-05-17T23:15:13.576565+00:00
503,INPROC_EFD151,1,10,team2,Team 2 (E/W),43,77,24,♥,finished,2026-05-17T23:15:13.591619+00:00
504,INPROC_F6AE56,1,10,team1,Team 1 (N/S),70,50,15,♦,finished,2026-05-17T23:15:13.606633+00:00
505,INPROC_BCEBCC,1,10,team2,Team 2 (E/W),32,88,8,♣,finished,2026-05-17T23:15:13.621256+00:00
506,INPROC_D0A236,1,10,team2,Team 2 (E/W),58,62,4,♣,finished,2026-05-17T23:15:13.636069+00:00
507,INPROC_AE5E01,1,10,team1,Team 1 (N/S),88,32,7,♣,finished,2026-05-17T23:15:13.650598+00:00
508,INPROC_C6A462,1,10,team1,Team 1 (N/S),105,15,38,♠,finished,2026-05-17T23:15:13.665320+00:00
509,INPROC_787F80,1,10,team2,Team 2 (E/W),56,64,24,♥,finished,2026-05-17T23:15:13.680270+00:00
510,INPROC_590CD3,1,10,team1,Team 1 (N/S),84,36,22,♥,finished,2026-05-17T23:15:13.695414+00:00
511,INPROC_4D640D,1,10,team2,Team 2 (E/W),50,70,18,♦,finished,2026-05-17T23:15:13.709957+00:00
512,INPROC_4C9185,1,10,team2,Team 2 (E/W),52,68,11,♦,finished,2026-05-17T23:15:13.725224+00:00
513,INPROC_680244,1,10,team1,Team 1 (N/S),82,38,32,♠,finished,2026-05-17T23:15:13.740005+00:00
514,INPROC_8CA681,1,10,team1,Team 1 (N/S),67,53,0,♣,finished,2026-05-17T23:15:13.754835+00:00
515,INPROC_6C2764,1,10,team1,Team 1 (N/S),83,37,14,♦,finished,2026-05-17T23:15:13.769616+00:00
516,INPROC_1FE737,1,10,team2,Team 2 (E/W),39,81,16,♦,finished,2026-05-17T23:15:13.784414+00:00
517,INPROC_8F53E2,1,10,team1,Team 1 (N/S),80,40,20,♥,finished,2026-05-17T23:15:13.799543+00:00
518,INPROC_4126C8,1,10,team2,Team 2 (E/W),41,79,33,♠,finished,2026-05-17T23:15:13.814643+00:00
519,INPROC_07C13C,1,10,team1,Team 1 (N/S),89,31,35,♠,finished,2026-05-17T23:15:13.829575+00:00
520,INPROC_5AA8F6,1,10,team2,Team 2 (E/W),57,63,25,♥,finished,2026-05-17T23:15:13.844805+00:00
521,INPROC_EBF9F8,1,10,team1,Team 1 (N/S),84,36,13,♦,finished,2026-05-17T23:15:13.859553+00:00
522,INPROC_E515F5,1,10,team1,Team 1 (N/S),65,55,27,♥,finished,2026-05-17T23:15:13.874671+00:00
523,INPROC_60418F,1,10,team2,Team 2 (E/W),59,61,6,♣,finished,2026-05-17T23:15:13.889843+00:00
524,INPROC_61FD1B,1,10,team1,Team 1 (N/S),93,27,17,♦,finished,2026-05-17T23:15:13.904914+00:00
525,INPROC_26C5C3,1,10,team2,Team 2 (E/W),45,75,26,♥,finished,2026-05-17T23:15:13.920020+00:00
526,INPROC_7B517D,1,10,team2,Team 2 (E/W),59,61,21,♥,finished,2026-05-17T23:15:13.935229+00:00
527,INPROC_57E4EE,1,10,team1,Team 1 (N/S),82,38,38,♠,finished,2026-05-17T23:15:13.950444+00:00
528,INPROC_7F6A20,1,10,team1,Team 1 (N/S),72,48,29,♥,finished,2026-05-17T23:15:13.965543+00:00
529,INPROC_132F7B,1,10,team2,Team 2 (E/W),43,77,0,♣,finished,2026-05-17T23:15:13.980461+00:00
530,INPROC_AE7807,1,10,team2,Team 2 (E/W),45,75,17,♦,finished,2026-05-17T23:15:13.995438+00:00
531,INPROC_AC4A38,1,10,team2,Team 2 (E/W),53,67,20,♥,finished,2026-05-17T23:15:14.010511+00:00
532,INPROC_D0B280,1,10,team2,Team 2 (E/W),52,68,2,♣,finished,2026-05-17T23:15:14.025394+00:00
533,INPROC_761412,1,10,team1,Team 1 (N/S),79,41,12,♦,finished,2026-05-17T23:15:14.041401+00:00
534,INPROC_E33C08,1,10,team2,Team 2 (E/W),39,81,25,♥,finished,2026-05-17T23:15:14.057950+00:00
535,INPROC_DDB1ED,1,10,team2,Team 2 (E/W),41,79,14,♦,finished,2026-05-17T23:15:14.074190+00:00
536,INPROC_7C0D17,1,10,team1,Team 1 (N/S),70,50,10,♦,finished,2026-05-17T23:15:14.096059+00:00
537,INPROC_4C7147,1,10,team1,Team 1 (N/S),110,10,37,♠,finished,2026-05-17T23:15:14.118494+00:00
538,INPROC_554FED,1,10,team1,Team 1 (N/S),70,50,33,♠,finished,2026-05-17T23:15:14.147672+00:00
539,INPROC_F748BE,1,10,team1,Team 1 (N/S),77,43,0,♣,finished,2026-05-17T23:15:14.165403+00:00
540,INPROC_EA6613,1,10,team1,Team 1 (N/S),70,50,18,♦,finished,2026-05-17T23:15:14.183148+00:00
541,INPROC_EC236F,1,10,team1,Team 1 (N/S),65,55,24,♥,finished,2026-05-17T23:15:14.200395+00:00
542,INPROC_EDF759,1,10,team1,Team 1 (N/S),73,47,4,♣,finished,2026-05-17T23:15:14.218879+00:00
543,INPROC_70A67F,1,10,team1,Team 1 (N/S),104,16,34,♠,finished,2026-05-17T23:15:14.235764+00:00
544,INPROC_6CF429,1,10,team1,Team 1 (N/S),75,45,30,♠,finished,2026-05-17T23:15:14.253860+00:00
545,INPROC_5FFED3,1,10,team2,Team 2 (E/W),20,100,19,♦,finished,2026-05-17T23:15:14.271010+00:00
546,INPROC_D64EB4,1,10,team2,Team 2 (E/W),49,71,2,♣,finished,2026-05-17T23:15:14.288292+00:00
547,INPROC_9273BE,1,10,team1,Team 1 (N/S),91,29,32,♠,finished,2026-05-17T23:15:14.305241+00:00
548,INPROC_B51DD5,1,10,team2,Team 2 (E/W),51,69,21,♥,finished,2026-05-17T23:15:14.321747+00:00
549,INPROC_341B12,1,10,team1,Team 1 (N/S),89,31,35,♠,finished,2026-05-17T23:15:14.338398+00:00
550,INPROC_B31DC2,1,10,team2,Team 2 (E/W),44,76,21,♥,finished,2026-05-17T23:15:14.355711+00:00
551,INPROC_461ECB,1,10,team1,Team 1 (N/S),73,47,38,♠,finished,2026-05-17T23:15:14.373015+00:00
552,INPROC_74D803,1,10,team1,Team 1 (N/S),80,40,17,♦,finished,2026-05-17T23:15:14.390515+00:00
553,INPROC_2937DA,1,10,team1,Team 1 (N/S),77,43,20,♥,finished,2026-05-17T23:15:14.409046+00:00
554,INPROC_FAF8DD,1,10,team2,Team 2 (E/W),14,106,7,♣,finished,2026-05-17T23:15:14.426978+00:00
555,INPROC_37F3C8,1,10,team2,Team 2 (E/W),28,92,18,♦,finished,2026-05-17T23:15:14.443707+00:00
556,INPROC_31C41E,1,10,team2,Team 2 (E/W),51,69,31,♠,finished,2026-05-17T23:15:14.460260+00:00
557,INPROC_E9B2E9,1,10,team2,Team 2 (E/W),50,70,0,♣,finished,2026-05-17T23:15:14.477314+00:00
558,INPROC_03B05E,1,10,team2,Team 2 (E/W),59,61,10,♦,finished,2026-05-17T23:15:14.494050+00:00
559,INPROC_2D7B89,1,10,team1,Team 1 (N/S),106,14,30,♠,finished,2026-05-17T23:15:14.511441+00:00
560,INPROC_8C6721,1,10,team2,Team 2 (E/W),17,103,7,♣,finished,2026-05-17T23:15:14.527987+00:00
561,INPROC_2950BA,1,10,team1,Team 1 (N/S),72,48,4,♣,finished,2026-05-17T23:15:14.545118+00:00
562,INPROC_05A5D8,1,10,team1,Team 1 (N/S),94,26,3,♣,finished,2026-05-17T23:15:14.562611+00:00
563,INPROC_95C477,1,10,team1,Team 1 (N/S),97,23,30,♠,finished,2026-05-17T23:15:14.579886+00:00
564,INPROC_0ED8D0,1,10,team2,Team 2 (E/W),43,77,2,♣,finished,2026-05-17T23:15:14.596811+00:00
565,INPROC_15426E,1,10,team1,Team 1 (N/S),86,34,13,♦,finished,2026-05-17T23:15:14.613596+00:00
566,INPROC_C4F272,1,10,team1,Team 1 (N/S),73,47,2,♣,finished,2026-05-17T23:15:14.630896+00:00
567,INPROC_E261FC,1,10,team2,Team 2 (E/W),45,75,9,♣,finished,2026-05-17T23:15:14.648097+00:00
568,INPROC_AD71F7,1,10,team1,Team 1 (N/S),62,58,24,♥,finished,2026-05-17T23:15:14.665385+00:00
569,INPROC_A2FC5A,1,10,team1,Team 1 (N/S),108,12,21,♥,finished,2026-05-17T23:15:14.682356+00:00
570,INPROC_070434,1,10,team2,Team 2 (E/W),30,90,38,♠,finished,2026-05-17T23:15:14.699100+00:00
571,INPROC_9952DB,1,10,team1,Team 1 (N/S),79,41,37,♠,finished,2026-05-17T23:15:14.715970+00:00
572,INPROC_929D52,1,10,team2,Team 2 (E/W),31,89,29,♥,finished,2026-05-17T23:15:14.732582+00:00
573,INPROC_FB2B44,1,10,team2,Team 2 (E/W),27,93,26,♥,finished,2026-05-17T23:15:14.749818+00:00
574,INPROC_DFD61F,1,10,team2,Team 2 (E/W),55,65,37,♠,finished,2026-05-17T23:15:14.766421+00:00
575,INPROC_B413B8,1,10,team1,Team 1 (N/S),77,43,12,♦,finished,2026-05-17T23:15:14.783280+00:00
576,INPROC_BE3ED8,1,10,team2,Team 2 (E/W),38,82,23,♥,finished,2026-05-17T23:15:14.799991+00:00
577,INPROC_6B38EA,1,10,team1,Team 1 (N/S),86,34,4,♣,finished,2026-05-17T23:15:14.817656+00:00
578,INPROC_092103,1,10,team2,Team 2 (E/W),16,104,14,♦,finished,2026-05-17T23:15:14.834924+00:00
579,INPROC_0103AA,1,10,team2,Team 2 (E/W),24,96,36,♠,finished,2026-05-17T23:15:14.852774+00:00
580,INPROC_F1635F,1,10,team2,Team 2 (E/W),37,83,26,♥,finished,2026-05-17T23:15:14.870853+00:00
581,INPROC_D64FE8,1,10,team2,Team 2 (E/W),50,70,32,♠,finished,2026-05-17T23:15:14.888594+00:00
582,INPROC_AA57B8,1,10,team2,Team 2 (E/W),46,74,3,♣,finished,2026-05-17T23:15:14.906103+00:00
583,INPROC_30AA35,1,10,team1,Team 1 (N/S),93,27,3,♣,finished,2026-05-17T23:15:14.924610+00:00
584,INPROC_97DB16,1,10,team2,Team 2 (E/W),29,91,7,♣,finished,2026-05-17T23:15:14.942976+00:00
585,INPROC_1B8C80,1,10,team2,Team 2 (E/W),47,73,1,♣,finished,2026-05-17T23:15:14.961947+00:00
586,INPROC_6CA8D1,1,10,team1,Team 1 (N/S),64,56,23,♥,finished,2026-05-17T23:15:14.979864+00:00
587,INPROC_FCE066,1,10,team1,Team 1 (N/S),70,50,24,♥,finished,2026-05-17T23:15:14.997046+00:00
588,INPROC_3790ED,1,10,team1,Team 1 (N/S),89,31,38,♠,finished,2026-05-17T23:15:15.014212+00:00
589,INPROC_288D5B,1,10,team2,Team 2 (E/W),54,66,33,♠,finished,2026-05-17T23:15:15.030985+00:00
590,INPROC_E50FAF,1,10,team1,Team 1 (N/S),73,47,29,♥,finished,2026-05-17T23:15:15.047992+00:00
591,INPROC_93E057,1,10,team2,Team 2 (E/W),12,108,3,♣,finished,2026-05-17T23:15:15.064419+00:00
592,INPROC_D1F3CB,1,10,team1,Team 1 (N/S),75,45,34,♠,finished,2026-05-17T23:15:15.081004+00:00
593,INPROC_04A307,1,10,team1,Team 1 (N/S),106,14,27,♥,finished,2026-05-17T23:15:15.097759+00:00
594,INPROC_9EA66E,1,10,team2,Team 2 (E/W),54,66,13,♦,finished,2026-05-17T23:15:15.114346+00:00
595,INPROC_B42006,1,10,team2,Team 2 (E/W),11,109,29,♥,finished,2026-05-17T23:15:15.130676+00:00
596,INPROC_F0A202,1,10,team2,Team 2 (E/W),46,74,14,♦,finished,2026-05-17T23:15:15.147336+00:00
597,INPROC_B97109,1,10,team1,Team 1 (N/S),98,22,17,♦,finished,2026-05-17T23:15:15.163253+00:00
598,INPROC_E43FEF,1,10,team2,Team 2 (E/W),58,62,38,♠,finished,2026-05-17T23:15:15.178846+00:00
599,INPROC_CBD3E2,1,10,team1,Team 1 (N/S),71,49,22,♥,finished,2026-05-17T23:15:15.193960+00:00
600,INPROC_AFA869,1,10,team2,Team 2 (E/W),25,95,5,♣,finished,2026-05-17T23:15:15.209079+00:00
601,INPROC_BD2431,1,10,team2,Team 2 (E/W),26,94,34,♠,finished,2026-05-17T23:15:15.224066+00:00
602,INPROC_E51208,1,10,team2,Team 2 (E/W),22,98,29,♥,finished,2026-05-17T23:15:15.238570+00:00
603,INPROC_B2F5CC,1,10,team2,Team 2 (E/W),25,95,3,♣,finished,2026-05-17T23:15:15.253005+00:00
604,INPROC_ADEA4C,1,10,team2,Team 2 (E/W),55,65,31,♠,finished,2026-05-17T23:15:15.267199+00:00
605,INPROC_7496B0,1,10,team2,Team 2 (E/W),52,68,36,♠,finished,2026-05-17T23:15:15.281421+00:00
606,INPROC_5E29C7,1,10,team2,Team 2 (E/W),52,68,25,♥,finished,2026-05-17T23:15:15.295750+00:00
607,INPROC_01384E,1,10,team1,Team 1 (N/S),80,40,25,♥,finished,2026-05-17T23:15:15.310540+00:00
608,INPROC_4C68C9,1,10,team1,Team 1 (N/S),75,45,23,♥,finished,2026-05-17T23:15:15.325358+00:00
609,INPROC_886F4D,1,10,team2,Team 2 (E/W),33,87,29,♥,finished,2026-05-17T23:15:15.340501+00:00
610,INPROC_1DEEC1,1,10,team1,Team 1 (N/S),105,15,27,♥,finished,2026-05-17T23:15:15.355554+00:00
611,INPROC_3F0ADC,1,10,team1,Team 1 (N/S),71,49,8,♣,finished,2026-05-17T23:15:15.370866+00:00
612,INPROC_456237,1,10,team2,Team 2 (E/W),50,70,25,♥,finished,2026-05-17T23:15:15.386198+00:00
613,INPROC_3FAC90,1,10,team2,Team 2 (E/W),24,96,24,♥,finished,2026-05-17T23:15:15.401241+00:00
614,INPROC_958264,1,10,team2,Team 2 (E/W),52,68,4,♣,finished,2026-05-17T23:15:15.416418+00:00
615,INPROC_C1D4F4,1,10,team1,Team 1 (N/S),69,51,11,♦,finished,2026-05-17T23:15:15.431639+00:00
616,INPROC_127771,1,10,team2,Team 2 (E/W),43,77,39,♠,finished,2026-05-17T23:15:15.446341+00:00
617,INPROC_4E537A,1,10,team1,Team 1 (N/S),108,12,24,♥,finished,2026-05-17T23:15:15.461154+00:00
618,INPROC_077034,1,10,team1,Team 1 (N/S),89,31,10,♦,finished,2026-05-17T23:15:15.476088+00:00
619,INPROC_91191B,1,10,team1,Team 1 (N/S),101,19,37,♠,finished,2026-05-17T23:15:15.490844+00:00
620,INPROC_5EAFA4,1,10,team2,Team 2 (E/W),51,69,36,♠,finished,2026-05-17T23:15:15.505656+00:00
621,INPROC_12CE48,1,10,team1,Team 1 (N/S),78,42,29,♥,finished,2026-05-17T23:15:15.520473+00:00
622,INPROC_5A5CEB,1,10,team1,Team 1 (N/S),72,48,37,♠,finished,2026-05-17T23:15:15.535411+00:00
623,INPROC_B62D7E,1,10,team1,Team 1 (N/S),84,36,6,♣,finished,2026-05-17T23:15:15.550336+00:00
624,INPROC_539CD7,1,10,team1,Team 1 (N/S),76,44,30,♠,finished,2026-05-17T23:15:15.564911+00:00
625,INPROC_11822F,1,10,team2,Team 2 (E/W),36,84,27,♥,finished,2026-05-17T23:15:15.579628+00:00
626,INPROC_5A8BA8,1,10,team1,Team 1 (N/S),67,53,2,♣,finished,2026-05-17T23:15:15.594713+00:00
627,INPROC_5185AB,1,10,team1,Team 1 (N/S),81,39,27,♥,finished,2026-05-17T23:15:15.609299+00:00
628,INPROC_CF1FAC,1,10,team1,Team 1 (N/S),83,37,30,♠,finished,2026-05-17T23:15:15.623760+00:00
629,INPROC_052B49,1,10,team1,Team 1 (N/S),72,48,23,♥,finished,2026-05-17T23:15:15.638504+00:00
630,INPROC_6F8A66,1,10,team1,Team 1 (N/S),81,39,20,♥,finished,2026-05-17T23:15:15.653210+00:00
631,INPROC_9C93AA,1,10,team1,Team 1 (N/S),77,43,27,♥,finished,2026-05-17T23:15:15.667703+00:00
632,INPROC_FBB4D7,1,10,team2,Team 2 (E/W),46,74,20,♥,finished,2026-05-17T23:15:15.681923+00:00
633,INPROC_6E500E,1,10,team2,Team 2 (E/W),59,61,35,♠,finished,2026-05-17T23:15:15.696713+00:00
634,INPROC_CE2A48,1,10,team2,Team 2 (E/W),51,69,6,♣,finished,2026-05-17T23:15:15.711512+00:00
635,INPROC_299323,1,10,team2,Team 2 (E/W),49,71,14,♦,finished,2026-05-17T23:15:15.726473+00:00
636,INPROC_FE8F41,1,10,team1,Team 1 (N/S),73,47,37,♠,finished,2026-05-17T23:15:15.741455+00:00
637,INPROC_5565AE,1,10,team1,Team 1 (N/S),80,40,22,♥,finished,2026-05-17T23:15:15.757178+00:00
638,INPROC_23015A,1,10,team2,Team 2 (E/W),12,108,32,♠,finished,2026-05-17T23:15:15.773245+00:00
639,INPROC_7D4942,1,10,team2,Team 2 (E/W),57,63,9,♣,finished,2026-05-17T23:15:15.788453+00:00
640,INPROC_D0926F,1,10,team2,Team 2 (E/W),36,84,25,♥,finished,2026-05-17T23:15:15.803579+00:00
641,INPROC_E4B8F9,1,10,team2,Team 2 (E/W),47,73,37,♠,finished,2026-05-17T23:15:15.818719+00:00
642,INPROC_65EC1B,1,10,team1,Team 1 (N/S),90,30,6,♣,finished,2026-05-17T23:15:15.833621+00:00
643,INPROC_05E091,1,10,team2,Team 2 (E/W),24,96,5,♣,finished,2026-05-17T23:15:15.848507+00:00
644,INPROC_A80A23,1,10,team1,Team 1 (N/S),109,11,26,♥,finished,2026-05-17T23:15:15.863476+00:00
645,INPROC_01E9A2,1,10,team2,Team 2 (E/W),54,66,27,♥,finished,2026-05-17T23:15:15.878165+00:00
646,INPROC_E2ED1F,1,10,team1,Team 1 (N/S),65,55,19,♦,finished,2026-05-17T23:15:15.893080+00:00
647,INPROC_1CDAA4,1,10,team1,Team 1 (N/S),86,34,27,♥,finished,2026-05-17T23:15:15.907825+00:00
648,INPROC_4EB76E,1,10,team1,Team 1 (N/S),80,40,31,♠,finished,2026-05-17T23:15:15.923075+00:00
649,INPROC_2AA8DE,1,10,team2,Team 2 (E/W),41,79,28,♥,finished,2026-05-17T23:15:15.938124+00:00
650,INPROC_87C097,1,10,team2,Team 2 (E/W),56,64,9,♣,finished,2026-05-17T23:15:15.953061+00:00
651,INPROC_4F17B2,1,10,team1,Team 1 (N/S),61,59,31,♠,finished,2026-05-17T23:15:15.967848+00:00
652,INPROC_4C6800,1,10,team2,Team 2 (E/W),31,89,38,♠,finished,2026-05-17T23:15:15.982751+00:00
653,INPROC_C3749C,1,10,team1,Team 1 (N/S),61,59,30,♠,finished,2026-05-17T23:15:15.998153+00:00
654,INPROC_239B55,1,10,team1,Team 1 (N/S),78,42,27,♥,finished,2026-05-17T23:15:16.014309+00:00
655,INPROC_DACB2A,1,10,team1,Team 1 (N/S),87,33,9,♣,finished,2026-05-17T23:15:16.030444+00:00
656,INPROC_CE7CB6,1,10,team2,Team 2 (E/W),33,87,0,♣,finished,2026-05-17T23:15:16.046207+00:00
657,INPROC_8575EE,1,10,team2,Team 2 (E/W),50,70,15,♦,finished,2026-05-17T23:15:16.062209+00:00
658,INPROC_ABCAF1,1,10,team2,Team 2 (E/W),55,65,19,♦,finished,2026-05-17T23:15:16.078973+00:00
659,INPROC_9BD090,1,10,team1,Team 1 (N/S),101,19,12,♦,finished,2026-05-17T23:15:16.095035+00:00
660,INPROC_A90B3C,1,10,team2,Team 2 (E/W),38,82,18,♦,finished,2026-05-17T23:15:16.111234+00:00
661,INPROC_20BD69,1,10,team1,Team 1 (N/S),69,51,6,♣,finished,2026-05-17T23:15:16.127622+00:00
662,INPROC_80AEC2,1,10,team1,Team 1 (N/S),72,48,37,♠,finished,2026-05-17T23:15:16.143938+00:00
663,INPROC_16C00F,1,10,team2,Team 2 (E/W),49,71,18,♦,finished,2026-05-17T23:15:16.160496+00:00
664,INPROC_C83E7A,1,10,team2,Team 2 (E/W),38,82,5,♣,finished,2026-05-17T23:15:16.178902+00:00
665,INPROC_811C8D,1,10,team1,Team 1 (N/S),94,26,1,♣,finished,2026-05-17T23:15:16.195565+00:00
666,INPROC_D59522,1,10,team2,Team 2 (E/W),57,63,15,♦,finished,2026-05-17T23:15:16.212117+00:00
667,INPROC_14D5C8,1,10,team1,Team 1 (N/S),84,36,3,♣,finished,2026-05-17T23:15:16.228478+00:00
668,INPROC_25163C,1,10,team1,Team 1 (N/S),100,20,13,♦,finished,2026-05-17T23:15:16.244783+00:00
669,INPROC_5B7AB3,1,10,team1,Team 1 (N/S),103,17,12,♦,finished,2026-05-17T23:15:16.263858+00:00
670,INPROC_C7ECA0,1,10,team1,Team 1 (N/S),94,26,30,♠,finished,2026-05-17T23:15:16.284530+00:00
671,INPROC_0FD583,1,10,team1,Team 1 (N/S),72,48,24,♥,finished,2026-05-17T23:15:16.306986+00:00
672,INPROC_CC3426,1,10,team2,Team 2 (E/W),51,69,16,♦,finished,2026-05-17T23:15:16.327485+00:00
673,INPROC_D48017,1,10,team1,Team 1 (N/S),73,47,8,♣,finished,2026-05-17T23:15:16.345305+00:00
674,INPROC_ACDE0A,1,10,team2,Team 2 (E/W),56,64,17,♦,finished,2026-05-17T23:15:16.363277+00:00
675,INPROC_912096,1,10,team1,Team 1 (N/S),73,47,36,♠,finished,2026-05-17T23:15:16.382116+00:00
676,INPROC_7D31AC,1,10,team1,Team 1 (N/S),69,51,33,♠,finished,2026-05-17T23:15:16.401229+00:00
677,INPROC_C510A7,1,10,team1,Team 1 (N/S),81,39,22,♥,finished,2026-05-17T23:15:16.420228+00:00
678,INPROC_01A189,1,10,team1,Team 1 (N/S),96,24,37,♠,finished,2026-05-17T23:15:16.439684+00:00
679,INPROC_9706F8,1,10,team1,Team 1 (N/S),114,6,27,♥,finished,2026-05-17T23:15:16.459200+00:00
680,INPROC_D4B6D5,1,10,team1,Team 1 (N/S),83,37,16,♦,finished,2026-05-17T23:15:16.477323+00:00
681,INPROC_19472E,1,10,team2,Team 2 (E/W),35,85,38,♠,finished,2026-05-17T23:15:16.495374+00:00
682,INPROC_6BEF3D,1,10,team1,Team 1 (N/S),82,38,38,♠,finished,2026-05-17T23:15:16.513532+00:00
683,INPROC_B9E0ED,1,10,team2,Team 2 (E/W),54,66,24,♥,finished,2026-05-17T23:15:16.530626+00:00
684,INPROC_C189EA,1,10,team2,Team 2 (E/W),46,74,7,♣,finished,2026-05-17T23:15:16.547893+00:00
685,INPROC_20F8DC,1,10,team1,Team 1 (N/S),66,54,18,♦,finished,2026-05-17T23:15:16.564587+00:00
686,INPROC_7EFC14,1,10,team2,Team 2 (E/W),31,89,13,♦,finished,2026-05-17T23:15:16.581797+00:00
687,INPROC_12111A,1,10,team1,Team 1 (N/S),79,41,34,♠,finished,2026-05-17T23:15:16.599172+00:00
688,INPROC_5CC46D,1,10,team1,Team 1 (N/S),84,36,9,♣,finished,2026-05-17T23:15:16.616860+00:00
689,INPROC_A3B6F0,1,10,team2,Team 2 (E/W),43,77,0,♣,finished,2026-05-17T23:15:16.634137+00:00
690,INPROC_C89532,1,10,team2,Team 2 (E/W),47,73,27,♥,finished,2026-05-17T23:15:16.653208+00:00
691,INPROC_AF83AC,1,10,team2,Team 2 (E/W),21,99,32,♠,finished,2026-05-17T23:15:16.679035+00:00
692,INPROC_C8CE59,1,10,team1,Team 1 (N/S),69,51,0,♣,finished,2026-05-17T23:15:16.699536+00:00
693,INPROC_B01AB9,1,10,team2,Team 2 (E/W),54,66,14,♦,finished,2026-05-17T23:15:16.716788+00:00
694,INPROC_B58B4E,1,10,team2,Team 2 (E/W),55,65,29,♥,finished,2026-05-17T23:15:16.735989+00:00
695,INPROC_727DB7,1,10,team1,Team 1 (N/S),68,52,17,♦,finished,2026-05-17T23:15:16.754881+00:00
696,INPROC_22F117,1,10,team2,Team 2 (E/W),34,86,1,♣,finished,2026-05-17T23:15:16.775926+00:00
697,INPROC_8718B4,1,10,team1,Team 1 (N/S),77,43,31,♠,finished,2026-05-17T23:15:16.798107+00:00
698,INPROC_5C7356,1,10,team2,Team 2 (E/W),40,80,10,♦,finished,2026-05-17T23:15:16.820028+00:00
699,INPROC_C15BAD,1,10,team1,Team 1 (N/S),71,49,24,♥,finished,2026-05-17T23:15:16.841306+00:00
700,INPROC_597413,1,10,team1,Team 1 (N/S),73,47,36,♠,finished,2026-05-17T23:15:16.861397+00:00
701,INPROC_E2A685,1,10,team1,Team 1 (N/S),74,46,12,♦,finished,2026-05-17T23:15:16.889018+00:00
702,INPROC_416276,1,10,team2,Team 2 (E/W),58,62,7,♣,finished,2026-05-17T23:15:16.908404+00:00
703,INPROC_E83E58,1,10,team1,Team 1 (N/S),65,55,8,♣,finished,2026-05-17T23:15:16.929549+00:00
704,INPROC_C48145,1,10,team1,Team 1 (N/S),92,28,5,♣,finished,2026-05-17T23:15:16.951372+00:00
705,INPROC_AA6B09,1,10,team1,Team 1 (N/S),79,41,11,♦,finished,2026-05-17T23:15:16.970512+00:00
706,INPROC_04F236,1,10,team1,Team 1 (N/S),70,50,33,♠,finished,2026-05-17T23:15:16.992402+00:00
707,INPROC_9B31E8,1,10,team2,Team 2 (E/W),32,88,0,♣,finished,2026-05-17T23:15:17.012762+00:00
708,INPROC_1D13E3,1,10,team1,Team 1 (N/S),65,55,24,♥,finished,2026-05-17T23:15:17.033109+00:00
709,INPROC_060A73,1,10,team2,Team 2 (E/W),38,82,19,♦,finished,2026-05-17T23:15:17.053263+00:00
710,INPROC_164E49,1,10,team1,Team 1 (N/S),64,56,21,♥,finished,2026-05-17T23:15:17.072315+00:00
711,INPROC_B219AE,1,10,team1,Team 1 (N/S),95,25,32,♠,finished,2026-05-17T23:15:17.090417+00:00
712,INPROC_B39DA3,1,10,team1,Team 1 (N/S),75,45,23,♥,finished,2026-05-17T23:15:17.108308+00:00
713,INPROC_391072,1,10,team2,Team 2 (E/W),57,63,23,♥,finished,2026-05-17T23:15:17.127065+00:00
714,INPROC_0B44A1,1,10,team1,Team 1 (N/S),83,37,26,♥,finished,2026-05-17T23:15:17.147555+00:00
715,INPROC_0E2530,1,10,team2,Team 2 (E/W),40,80,12,♦,finished,2026-05-17T23:15:17.168131+00:00
716,INPROC_4029B6,1,10,team2,Team 2 (E/W),29,91,29,♥,finished,2026-05-17T23:15:17.187549+00:00
717,INPROC_C13568,1,10,team1,Team 1 (N/S),84,36,32,♠,finished,2026-05-17T23:15:17.207852+00:00
718,INPROC_6AD92D,1,10,team2,Team 2 (E/W),17,103,16,♦,finished,2026-05-17T23:15:17.227853+00:00
719,INPROC_920A6E,1,10,team2,Team 2 (E/W),52,68,15,♦,finished,2026-05-17T23:15:17.247603+00:00
720,INPROC_C2D6F7,1,10,team1,Team 1 (N/S),86,34,28,♥,finished,2026-05-17T23:15:17.268387+00:00
721,INPROC_B5D74B,1,10,team2,Team 2 (E/W),49,71,28,♥,finished,2026-05-17T23:15:17.288195+00:00
722,INPROC_12AF22,1,10,team1,Team 1 (N/S),73,47,29,♥,finished,2026-05-17T23:15:17.308473+00:00
723,INPROC_D9ECDC,1,10,team1,Team 1 (N/S),68,52,18,♦,finished,2026-05-17T23:15:17.327580+00:00
724,INPROC_EBA968,1,10,team2,Team 2 (E/W),0,120,15,♦,finished,2026-05-17T23:15:17.346636+00:00
725,INPROC_3D75B6,1,10,team1,Team 1 (N/S),62,58,8,♣,finished,2026-05-17T23:15:17.365876+00:00
726,INPROC_A4ECB6,1,10,team1,Team 1 (N/S),80,40,35,♠,finished,2026-05-17T23:15:17.386348+00:00
727,INPROC_C4DE12,1,10,team1,Team 1 (N/S),64,56,3,♣,finished,2026-05-17T23:15:17.407303+00:00
728,INPROC_695A11,1,10,team2,Team 2 (E/W),20,100,31,♠,finished,2026-05-17T23:15:17.434577+00:00
729,INPROC_3D4E4C,1,10,team2,Team 2 (E/W),34,86,3,♣,finished,2026-05-17T23:15:17.460473+00:00
730,INPROC_55393A,1,10,team1,Team 1 (N/S),67,53,9,♣,finished,2026-05-17T23:15:17.478467+00:00
731,INPROC_4AAE9C,1,10,team2,Team 2 (E/W),48,72,6,♣,finished,2026-05-17T23:15:17.493562+00:00
732,INPROC_493F3F,1,10,team2,Team 2 (E/W),27,93,1,♣,finished,2026-05-17T23:15:17.508532+00:00
733,INPROC_51AB60,1,10,draw,draw,60,60,30,♠,finished,2026-05-17T23:15:17.523439+00:00
734,INPROC_63252A,1,10,team1,Team 1 (N/S),99,21,20,♥,finished,2026-05-17T23:15:17.538610+00:00
735,INPROC_68A75C,1,10,team1,Team 1 (N/S),101,19,38,♠,finished,2026-05-17T23:15:17.553768+00:00
736,INPROC_B03D36,1,10,team1,Team 1 (N/S),81,39,30,♠,finished,2026-05-17T23:15:17.569142+00:00
737,INPROC_C2805D,1,10,team1,Team 1 (N/S),89,31,11,♦,finished,2026-05-17T23:15:17.584230+00:00
738,INPROC_0678D3,1,10,team2,Team 2 (E/W),54,66,37,♠,finished,2026-05-17T23:15:17.599724+00:00
739,INPROC_72DF6D,1,10,team2,Team 2 (E/W),42,78,11,♦,finished,2026-05-17T23:15:17.615095+00:00
740,INPROC_88FC8B,1,10,team2,Team 2 (E/W),43,77,15,♦,finished,2026-05-17T23:15:17.630407+00:00
741,INPROC_9241D8,1,10,team2,Team 2 (E/W),44,76,17,♦,finished,2026-05-17T23:15:17.647110+00:00
742,INPROC_FAB849,1,10,team2,Team 2 (E/W),32,88,4,♣,finished,2026-05-17T23:15:17.663660+00:00
743,INPROC_98EA0D,1,10,team2,Team 2 (E/W),57,63,32,♠,finished,2026-05-17T23:15:17.680015+00:00
744,INPROC_54D310,1,10,team1,Team 1 (N/S),67,53,33,♠,finished,2026-05-17T23:15:17.696532+00:00
745,INPROC_4AC8E2,1,10,team1,Team 1 (N/S),86,34,17,♦,finished,2026-05-17T23:15:17.712571+00:00
746,INPROC_95DFE8,1,10,team2,Team 2 (E/W),34,86,9,♣,finished,2026-05-17T23:15:17.730424+00:00
747,INPROC_A7BECD,1,10,team2,Team 2 (E/W),43,77,10,♦,finished,2026-05-17T23:15:17.747313+00:00
748,INPROC_DE7F27,1,10,team1,Team 1 (N/S),73,47,7,♣,finished,2026-05-17T23:15:17.763065+00:00
749,INPROC_B7F0DE,1,10,team2,Team 2 (E/W),42,78,30,♠,finished,2026-05-17T23:15:17.781634+00:00
750,INPROC_14E9E0,1,10,team1,Team 1 (N/S),70,50,16,♦,finished,2026-05-17T23:15:17.796525+00:00
751,INPROC_91475E,1,10,team2,Team 2 (E/W),56,64,29,♥,finished,2026-05-17T23:15:17.813345+00:00
752,INPROC_14F357,1,10,team1,Team 1 (N/S),65,55,0,♣,finished,2026-05-17T23:15:17.830208+00:00
753,INPROC_566CA3,1,10,team1,Team 1 (N/S),85,35,1,♣,finished,2026-05-17T23:15:17.846355+00:00
754,INPROC_CA2597,1,10,team2,Team 2 (E/W),43,77,6,♣,finished,2026-05-17T23:15:17.862640+00:00
755,INPROC_EF2A80,1,10,team1,Team 1 (N/S),93,27,7,♣,finished,2026-05-17T23:15:17.878752+00:00
756,INPROC_E5D699,1,10,team1,Team 1 (N/S),87,33,36,♠,finished,2026-05-17T23:15:17.895722+00:00
757,INPROC_FDD7F3,1,10,team2,Team 2 (E/W),21,99,19,♦,finished,2026-05-17T23:15:17.912482+00:00
758,INPROC_94E197,1,10,team1,Team 1 (N/S),70,50,16,♦,finished,2026-05-17T23:15:17.926616+00:00
759,INPROC_D78A16,1,10,team1,Team 1 (N/S),85,35,22,♥,finished,2026-05-17T23:15:17.943859+00:00
760,INPROC_A12A24,1,10,team1,Team 1 (N/S),65,55,22,♥,finished,2026-05-17T23:15:17.961366+00:00
761,INPROC_75BD4E,1,10,team2,Team 2 (E/W),43,77,19,♦,finished,2026-05-17T23:15:17.975832+00:00
762,INPROC_9C081D,1,10,team1,Team 1 (N/S),86,34,23,♥,finished,2026-05-17T23:15:17.992903+00:00
763,INPROC_CE0958,1,10,team2,Team 2 (E/W),28,92,18,♦,finished,2026-05-17T23:15:18.011792+00:00
764,INPROC_734AC5,1,10,team2,Team 2 (E/W),48,72,39,♠,finished,2026-05-17T23:15:18.025903+00:00
765,INPROC_52E1CA,1,10,team1,Team 1 (N/S),64,56,19,♦,finished,2026-05-17T23:15:18.043252+00:00
766,INPROC_6DBC61,1,10,team2,Team 2 (E/W),56,64,2,♣,finished,2026-05-17T23:15:18.057876+00:00
767,INPROC_B1CE8B,1,10,team1,Team 1 (N/S),79,41,15,♦,finished,2026-05-17T23:15:18.073850+00:00
768,INPROC_799425,1,10,team2,Team 2 (E/W),49,71,23,♥,finished,2026-05-17T23:15:18.097394+00:00
769,INPROC_624587,1,10,team2,Team 2 (E/W),23,97,28,♥,finished,2026-05-17T23:15:18.117671+00:00
770,INPROC_0E86CB,1,10,team1,Team 1 (N/S),69,51,28,♥,finished,2026-05-17T23:15:18.132070+00:00
771,INPROC_09E0FE,1,10,team2,Team 2 (E/W),44,76,23,♥,finished,2026-05-17T23:15:18.146935+00:00
772,INPROC_63DFE5,1,10,team2,Team 2 (E/W),55,65,5,♣,finished,2026-05-17T23:15:18.162530+00:00
773,INPROC_6636B7,1,10,team2,Team 2 (E/W),50,70,5,♣,finished,2026-05-17T23:15:18.178161+00:00
774,INPROC_00EF26,1,10,team1,Team 1 (N/S),105,15,11,♦,finished,2026-05-17T23:15:18.193629+00:00
775,INPROC_6F469E,1,10,team2,Team 2 (E/W),51,69,17,♦,finished,2026-05-17T23:15:18.209044+00:00
776,INPROC_59467D,1,10,team1,Team 1 (N/S),84,36,20,♥,finished,2026-05-17T23:15:18.224782+00:00
777,INPROC_350D16,1,10,team2,Team 2 (E/W),26,94,34,♠,finished,2026-05-17T23:15:18.240382+00:00
778,INPROC_E3D737,1,10,team2,Team 2 (E/W),55,65,9,♣,finished,2026-05-17T23:15:18.256333+00:00
779,INPROC_EA8278,1,10,team1,Team 1 (N/S),84,36,22,♥,finished,2026-05-17T23:15:18.271971+00:00
780,INPROC_90FA44,1,10,team2,Team 2 (E/W),48,72,18,♦,finished,2026-05-17T23:15:18.287047+00:00
781,INPROC_06DE7B,1,10,team2,Team 2 (E/W),45,75,36,♠,finished,2026-05-17T23:15:18.301750+00:00
782,INPROC_25B862,1,10,team2,Team 2 (E/W),43,77,39,♠,finished,2026-05-17T23:15:18.316079+00:00
783,INPROC_297518,1,10,team2,Team 2 (E/W),33,87,15,♦,finished,2026-05-17T23:15:18.330430+00:00
784,INPROC_6D5193,1,10,team2,Team 2 (E/W),46,74,29,♥,finished,2026-05-17T23:15:18.344791+00:00
785,INPROC_A87874,1,10,team2,Team 2 (E/W),59,61,29,♥,finished,2026-05-17T23:15:18.359404+00:00
786,INPROC_C2AC92,1,10,team1,Team 1 (N/S),69,51,2,♣,finished,2026-05-17T23:15:18.375800+00:00
787,INPROC_C5B912,1,10,team1,Team 1 (N/S),61,59,29,♥,finished,2026-05-17T23:15:18.391530+00:00
788,INPROC_D604F4,1,10,team2,Team 2 (E/W),27,93,36,♠,finished,2026-05-17T23:15:18.407432+00:00
789,INPROC_B2DB91,1,10,team1,Team 1 (N/S),96,24,39,♠,finished,2026-05-17T23:15:18.422897+00:00
790,INPROC_F67E3E,1,10,team2,Team 2 (E/W),38,82,2,♣,finished,2026-05-17T23:15:18.438301+00:00
791,INPROC_A5A785,1,10,team1,Team 1 (N/S),96,24,9,♣,finished,2026-05-17T23:15:18.453673+00:00
792,INPROC_736C6F,1,10,team2,Team 2 (E/W),51,69,25,♥,finished,2026-05-17T23:15:18.468873+00:00
793,INPROC_C13BA7,1,10,team2,Team 2 (E/W),37,83,36,♠,finished,2026-05-17T23:15:18.483974+00:00
794,INPROC_CA69C6,1,10,team1,Team 1 (N/S),62,58,8,♣,finished,2026-05-17T23:15:18.498911+00:00
795,INPROC_3A22FD,1,10,team1,Team 1 (N/S),70,50,36,♠,finished,2026-05-17T23:15:18.513455+00:00
796,INPROC_8C6326,1,10,team1,Team 1 (N/S),67,53,8,♣,finished,2026-05-17T23:15:18.527952+00:00
797,INPROC_06D16B,1,10,team1,Team 1 (N/S),67,53,28,♥,finished,2026-05-17T23:15:18.542259+00:00
798,INPROC_27196D,1,10,team2,Team 2 (E/W),51,69,12,♦,finished,2026-05-17T23:15:18.556575+00:00
799,INPROC_827055,1,10,team2,Team 2 (E/W),30,90,38,♠,finished,2026-05-17T23:15:18.571908+00:00
800,INPROC_5ACFBC,1,10,team1,Team 1 (N/S),66,54,30,♠,finished,2026-05-17T23:15:18.587193+00:00
801,INPROC_C44A98,1,10,team2,Team 2 (E/W),12,108,26,♥,finished,2026-05-17T23:15:18.601571+00:00
802,INPROC_4F8AC3,1,10,team2,Team 2 (E/W),38,82,39,♠,finished,2026-05-17T23:15:18.615943+00:00
803,INPROC_6DA097,1,10,team2,Team 2 (E/W),57,63,28,♥,finished,2026-05-17T23:15:18.630598+00:00
804,INPROC_94530A,1,10,team2,Team 2 (E/W),45,75,29,♥,finished,2026-05-17T23:15:18.646319+00:00
805,INPROC_DE9C68,1,10,team1,Team 1 (N/S),75,45,4,♣,finished,2026-05-17T23:15:18.661969+00:00
806,INPROC_F03EA1,1,10,team1,Team 1 (N/S),90,30,20,♥,finished,2026-05-17T23:15:18.677405+00:00
807,INPROC_A95C0C,1,10,team2,Team 2 (E/W),22,98,1,♣,finished,2026-05-17T23:15:18.692037+00:00
808,INPROC_AF287D,1,10,team1,Team 1 (N/S),73,47,7,♣,finished,2026-05-17T23:15:18.707360+00:00
809,INPROC_A9B81F,1,10,team1,Team 1 (N/S),112,8,8,♣,finished,2026-05-17T23:15:18.721920+00:00
810,INPROC_CEC4D5,1,10,team1,Team 1 (N/S),64,56,4,♣,finished,2026-05-17T23:15:18.736187+00:00
811,INPROC_F305C8,1,10,team1,Team 1 (N/S),68,52,19,♦,finished,2026-05-17T23:15:18.750731+00:00
812,INPROC_D27D2A,1,10,team2,Team 2 (E/W),49,71,36,♠,finished,2026-05-17T23:15:18.765347+00:00
813,INPROC_1B25BB,1,10,team1,Team 1 (N/S),75,45,23,♥,finished,2026-05-17T23:15:18.780559+00:00
814,INPROC_DAD83F,1,10,team2,Team 2 (E/W),22,98,36,♠,finished,2026-05-17T23:15:18.795538+00:00
815,INPROC_A9B457,1,10,team1,Team 1 (N/S),66,54,9,♣,finished,2026-05-17T23:15:18.810348+00:00
816,INPROC_9B4BE9,1,10,team1,Team 1 (N/S),68,52,27,♥,finished,2026-05-17T23:15:18.825097+00:00
817,INPROC_DA3E59,1,10,team1,Team 1 (N/S),84,36,24,♥,finished,2026-05-17T23:15:18.839348+00:00
818,INPROC_3D2C23,1,10,team2,Team 2 (E/W),32,88,0,♣,finished,2026-05-17T23:15:18.854165+00:00
819,INPROC_ED39EE,1,10,team2,Team 2 (E/W),11,109,12,♦,finished,2026-05-17T23:15:18.868657+00:00
820,INPROC_722B8C,1,10,team2,Team 2 (E/W),26,94,5,♣,finished,2026-05-17T23:15:18.883190+00:00
821,INPROC_BF9FB6,1,10,team2,Team 2 (E/W),49,71,36,♠,finished,2026-05-17T23:15:18.897829+00:00
822,INPROC_3C0ED3,1,10,team2,Team 2 (E/W),53,67,30,♠,finished,2026-05-17T23:15:18.912527+00:00
823,INPROC_2AD59F,1,10,team2,Team 2 (E/W),44,76,7,♣,finished,2026-05-17T23:15:18.927088+00:00
824,INPROC_062CCA,1,10,team1,Team 1 (N/S),105,15,24,♥,finished,2026-05-17T23:15:18.941432+00:00
825,INPROC_BE47F3,1,10,team1,Team 1 (N/S),69,51,1,♣,finished,2026-05-17T23:15:18.955936+00:00
826,INPROC_CFE6A1,1,10,team2,Team 2 (E/W),27,93,38,♠,finished,2026-05-17T23:15:18.970395+00:00
827,INPROC_FB74B8,1,10,team1,Team 1 (N/S),88,32,32,♠,finished,2026-05-17T23:15:18.985396+00:00
828,INPROC_E7B4C4,1,10,team2,Team 2 (E/W),27,93,19,♦,finished,2026-05-17T23:15:18.999770+00:00
829,INPROC_521E4C,1,10,team1,Team 1 (N/S),65,55,10,♦,finished,2026-05-17T23:15:19.014616+00:00
830,INPROC_DE2DA1,1,10,team1,Team 1 (N/S),83,37,0,♣,finished,2026-05-17T23:15:19.029568+00:00
831,INPROC_6C5031,1,10,team1,Team 1 (N/S),81,39,2,♣,finished,2026-05-17T23:15:19.045018+00:00
832,INPROC_9EB835,1,10,team1,Team 1 (N/S),68,52,37,♠,finished,2026-05-17T23:15:19.060218+00:00
833,INPROC_EF8E7F,1,10,team2,Team 2 (E/W),42,78,9,♣,finished,2026-05-17T23:15:19.075463+00:00
834,INPROC_1BFA08,1,10,team1,Team 1 (N/S),80,40,21,♥,finished,2026-05-17T23:15:19.090081+00:00
835,INPROC_5BC15A,1,10,team1,Team 1 (N/S),71,49,2,♣,finished,2026-05-17T23:15:19.104332+00:00
836,INPROC_367F9F,1,10,team2,Team 2 (E/W),58,62,25,♥,finished,2026-05-17T23:15:19.118647+00:00
837,INPROC_2559EA,1,10,team1,Team 1 (N/S),92,28,39,♠,finished,2026-05-17T23:15:19.132845+00:00
838,INPROC_731BD6,1,10,team1,Team 1 (N/S),83,37,9,♣,finished,2026-05-17T23:15:19.147527+00:00
839,INPROC_A11289,1,10,team2,Team 2 (E/W),35,85,6,♣,finished,2026-05-17T23:15:19.162790+00:00
840,INPROC_62F23C,1,10,team1,Team 1 (N/S),101,19,26,♥,finished,2026-05-17T23:15:19.178342+00:00
841,INPROC_6CA0C9,1,10,team1,Team 1 (N/S),79,41,16,♦,finished,2026-05-17T23:15:19.195317+00:00
842,INPROC_33B09F,1,10,team2,Team 2 (E/W),56,64,35,♠,finished,2026-05-17T23:15:19.210563+00:00
843,INPROC_0768E0,1,10,team2,Team 2 (E/W),21,99,39,♠,finished,2026-05-17T23:15:19.226010+00:00
844,INPROC_007355,1,10,team1,Team 1 (N/S),63,57,0,♣,finished,2026-05-17T23:15:19.241087+00:00
845,INPROC_645AA0,1,10,draw,draw,60,60,22,♥,finished,2026-05-17T23:15:19.255853+00:00
846,INPROC_3BEB17,1,10,team2,Team 2 (E/W),20,100,21,♥,finished,2026-05-17T23:15:19.270720+00:00
847,INPROC_2E4FB9,1,10,team1,Team 1 (N/S),72,48,22,♥,finished,2026-05-17T23:15:19.284898+00:00
848,INPROC_0D7D17,1,10,team1,Team 1 (N/S),92,28,23,♥,finished,2026-05-17T23:15:19.299080+00:00
849,INPROC_C342E1,1,10,team2,Team 2 (E/W),24,96,33,♠,finished,2026-05-17T23:15:19.313472+00:00
850,INPROC_91F296,1,10,team2,Team 2 (E/W),12,108,28,♥,finished,2026-05-17T23:15:19.327765+00:00
851,INPROC_DCEAAE,1,10,team1,Team 1 (N/S),61,59,5,♣,finished,2026-05-17T23:15:19.341996+00:00
852,INPROC_23F1A6,1,10,team2,Team 2 (E/W),53,67,3,♣,finished,2026-05-17T23:15:19.356800+00:00
853,INPROC_FE72FA,1,10,team1,Team 1 (N/S),65,55,33,♠,finished,2026-05-17T23:15:19.371715+00:00
854,INPROC_80F6AA,1,10,team2,Team 2 (E/W),32,88,5,♣,finished,2026-05-17T23:15:19.386800+00:00
855,INPROC_4CCAC6,1,10,team1,Team 1 (N/S),88,32,11,♦,finished,2026-05-17T23:15:19.402119+00:00
856,INPROC_AABC67,1,10,team1,Team 1 (N/S),73,47,10,♦,finished,2026-05-17T23:15:19.417259+00:00
857,INPROC_2C3669,1,10,team2,Team 2 (E/W),42,78,26,♥,finished,2026-05-17T23:15:19.432744+00:00
858,INPROC_4898DF,1,10,team2,Team 2 (E/W),15,105,1,♣,finished,2026-05-17T23:15:19.448080+00:00
859,INPROC_EFF9FE,1,10,team1,Team 1 (N/S),68,52,22,♥,finished,2026-05-17T23:15:19.462439+00:00
860,INPROC_A77653,1,10,team2,Team 2 (E/W),33,87,17,♦,finished,2026-05-17T23:15:19.476778+00:00
861,INPROC_6D0D49,1,10,team2,Team 2 (E/W),45,75,31,♠,finished,2026-05-17T23:15:19.490963+00:00
862,INPROC_3AD942,1,10,team1,Team 1 (N/S),83,37,17,♦,finished,2026-05-17T23:15:19.505437+00:00
863,INPROC_C7ADC6,1,10,team1,Team 1 (N/S),63,57,5,♣,finished,2026-05-17T23:15:19.519574+00:00
864,INPROC_0DD78E,1,10,team1,Team 1 (N/S),68,52,31,♠,finished,2026-05-17T23:15:19.533788+00:00
865,INPROC_C9CF5F,1,10,team1,Team 1 (N/S),65,55,7,♣,finished,2026-05-17T23:15:19.548013+00:00
866,INPROC_8131E9,1,10,team2,Team 2 (E/W),34,86,5,♣,finished,2026-05-17T23:15:19.562435+00:00
867,INPROC_B252CC,1,10,team1,Team 1 (N/S),69,51,27,♥,finished,2026-05-17T23:15:19.576637+00:00
868,INPROC_19701C,1,10,team2,Team 2 (E/W),34,86,20,♥,finished,2026-05-17T23:15:19.591294+00:00
869,INPROC_EA2D61,1,10,team1,Team 1 (N/S),85,35,6,♣,finished,2026-05-17T23:15:19.605494+00:00
870,INPROC_EB768C,1,10,team2,Team 2 (E/W),58,62,4,♣,finished,2026-05-17T23:15:19.619650+00:00
871,INPROC_52AD27,1,10,team1,Team 1 (N/S),75,45,39,♠,finished,2026-05-17T23:15:19.633822+00:00
872,INPROC_C32358,1,10,team1,Team 1 (N/S),62,58,29,♥,finished,2026-05-17T23:15:19.647956+00:00
873,INPROC_C51A51,1,10,team2,Team 2 (E/W),14,106,39,♠,finished,2026-05-17T23:15:19.662254+00:00
874,INPROC_FFA2DB,1,10,team1,Team 1 (N/S),81,39,10,♦,finished,2026-05-17T23:15:19.676426+00:00
875,INPROC_983CAC,1,10,team1,Team 1 (N/S),85,35,3,♣,finished,2026-05-17T23:15:19.690607+00:00
876,INPROC_E94C16,1,10,team1,Team 1 (N/S),100,20,11,♦,finished,2026-05-17T23:15:19.704628+00:00
877,INPROC_7452C0,1,10,team1,Team 1 (N/S),77,43,6,♣,finished,2026-05-17T23:15:19.718808+00:00
878,INPROC_E064F5,1,10,team1,Team 1 (N/S),99,21,20,♥,finished,2026-05-17T23:15:19.732922+00:00
879,INPROC_B5C835,1,10,team2,Team 2 (E/W),13,107,30,♠,finished,2026-05-17T23:15:19.747082+00:00
880,INPROC_DBB38A,1,10,team1,Team 1 (N/S),72,48,3,♣,finished,2026-05-17T23:15:19.761169+00:00
881,INPROC_ECE2A6,1,10,team2,Team 2 (E/W),35,85,11,♦,finished,2026-05-17T23:15:19.775348+00:00
882,INPROC_60692A,1,10,team1,Team 1 (N/S),92,28,3,♣,finished,2026-05-17T23:15:19.789567+00:00
883,INPROC_4F61BA,1,10,team1,Team 1 (N/S),70,50,30,♠,finished,2026-05-17T23:15:19.804175+00:00
884,INPROC_1E21C6,1,10,team1,Team 1 (N/S),80,40,32,♠,finished,2026-05-17T23:15:19.818788+00:00
885,INPROC_7F6528,1,10,team2,Team 2 (E/W),29,91,18,♦,finished,2026-05-17T23:15:19.833922+00:00
886,INPROC_EDC157,1,10,team2,Team 2 (E/W),26,94,3,♣,finished,2026-05-17T23:15:19.849415+00:00
887,INPROC_BBDFE7,1,10,team1,Team 1 (N/S),76,44,16,♦,finished,2026-05-17T23:15:19.864683+00:00
888,INPROC_1F64D6,1,10,team1,Team 1 (N/S),89,31,32,♠,finished,2026-05-17T23:15:19.879462+00:00
889,INPROC_5E2963,1,10,team2,Team 2 (E/W),48,72,38,♠,finished,2026-05-17T23:15:19.894228+00:00
890,INPROC_050804,1,10,team2,Team 2 (E/W),21,99,28,♥,finished,2026-05-17T23:15:19.908523+00:00
891,INPROC_5E641E,1,10,team2,Team 2 (E/W),35,85,13,♦,finished,2026-05-17T23:15:19.922710+00:00
892,INPROC_2D5F8B,1,10,team2,Team 2 (E/W),32,88,7,♣,finished,2026-05-17T23:15:19.937264+00:00
893,INPROC_5A8205,1,10,team2,Team 2 (E/W),31,89,31,♠,finished,2026-05-17T23:15:19.952436+00:00
894,INPROC_1C5BC7,1,10,team1,Team 1 (N/S),85,35,5,♣,finished,2026-05-17T23:15:19.967678+00:00
895,INPROC_250A8E,1,10,team1,Team 1 (N/S),64,56,37,♠,finished,2026-05-17T23:15:19.983205+00:00
896,INPROC_1D9D8C,1,10,team1,Team 1 (N/S),80,40,19,♦,finished,2026-05-17T23:15:19.999358+00:00
897,INPROC_57FC1A,1,10,team2,Team 2 (E/W),29,91,30,♠,finished,2026-05-17T23:15:20.015600+00:00
898,INPROC_45A82C,1,10,team1,Team 1 (N/S),70,50,5,♣,finished,2026-05-17T23:15:20.031554+00:00
899,INPROC_99B5F0,1,10,team1,Team 1 (N/S),91,29,25,♥,finished,2026-05-17T23:15:20.048988+00:00
900,INPROC_A2CA6C,1,10,team2,Team 2 (E/W),48,72,25,♥,finished,2026-05-17T23:15:20.065612+00:00
901,INPROC_73A3EE,1,10,team1,Team 1 (N/S),92,28,2,♣,finished,2026-05-17T23:15:20.081184+00:00
902,INPROC_761D0D,1,10,team2,Team 2 (E/W),54,66,14,♦,finished,2026-05-17T23:15:20.096511+00:00
903,INPROC_EDAF09,1,10,draw,draw,60,60,18,♦,finished,2026-05-17T23:15:20.111627+00:00
904,INPROC_79FA2A,1,10,draw,draw,60,60,11,♦,finished,2026-05-17T23:15:20.126831+00:00
905,INPROC_73A289,1,10,team1,Team 1 (N/S),84,36,34,♠,finished,2026-05-17T23:15:20.141823+00:00
906,INPROC_A90CDD,1,10,team2,Team 2 (E/W),37,83,29,♥,finished,2026-05-17T23:15:20.156964+00:00
907,INPROC_255772,1,10,team1,Team 1 (N/S),69,51,19,♦,finished,2026-05-17T23:15:20.171498+00:00
908,INPROC_93751F,1,10,team1,Team 1 (N/S),73,47,31,♠,finished,2026-05-17T23:15:20.185573+00:00
909,INPROC_5F106F,1,10,team2,Team 2 (E/W),46,74,4,♣,finished,2026-05-17T23:15:20.200291+00:00
910,INPROC_36023F,1,10,team2,Team 2 (E/W),25,95,18,♦,finished,2026-05-17T23:15:20.214964+00:00
911,INPROC_7CE74A,1,10,team1,Team 1 (N/S),91,29,27,♥,finished,2026-05-17T23:15:20.228985+00:00
912,INPROC_EE1526,1,10,draw,draw,60,60,0,♣,finished,2026-05-17T23:15:20.243141+00:00
913,INPROC_B9DAAF,1,10,team1,Team 1 (N/S),61,59,29,♥,finished,2026-05-17T23:15:20.257207+00:00
914,INPROC_AA6D3A,1,10,team1,Team 1 (N/S),99,21,15,♦,finished,2026-05-17T23:15:20.271326+00:00
915,INPROC_A5C91E,1,10,team2,Team 2 (E/W),46,74,35,♠,finished,2026-05-17T23:15:20.285445+00:00
916,INPROC_C51805,1,10,team1,Team 1 (N/S),72,48,15,♦,finished,2026-05-17T23:15:20.299555+00:00
917,INPROC_D89096,1,10,team1,Team 1 (N/S),84,36,22,♥,finished,2026-05-17T23:15:20.313783+00:00
918,INPROC_697F5E,1,10,team2,Team 2 (E/W),57,63,35,♠,finished,2026-05-17T23:15:20.327898+00:00
919,INPROC_2C09A9,1,10,team2,Team 2 (E/W),58,62,26,♥,finished,2026-05-17T23:15:20.342057+00:00
920,INPROC_AD4363,1,10,team1,Team 1 (N/S),108,12,10,♦,finished,2026-05-17T23:15:20.356052+00:00
921,INPROC_6832E1,1,10,team1,Team 1 (N/S),102,18,30,♠,finished,2026-05-17T23:15:20.370396+00:00
922,INPROC_BB69CF,1,10,team1,Team 1 (N/S),79,41,16,♦,finished,2026-05-17T23:15:20.385420+00:00
923,INPROC_E85559,1,10,team1,Team 1 (N/S),82,38,37,♠,finished,2026-05-17T23:15:20.400755+00:00
924,INPROC_778958,1,10,team1,Team 1 (N/S),78,42,7,♣,finished,2026-05-17T23:15:20.415883+00:00
925,INPROC_CF0A52,1,10,team2,Team 2 (E/W),57,63,7,♣,finished,2026-05-17T23:15:20.430941+00:00
926,INPROC_A74353,1,10,team2,Team 2 (E/W),56,64,24,♥,finished,2026-05-17T23:15:20.446363+00:00
927,INPROC_9F4604,1,10,team1,Team 1 (N/S),71,49,9,♣,finished,2026-05-17T23:15:20.461529+00:00
928,INPROC_6F0B2A,1,10,team2,Team 2 (E/W),37,83,37,♠,finished,2026-05-17T23:15:20.475997+00:00
929,INPROC_31E462,1,10,team1,Team 1 (N/S),84,36,23,♥,finished,2026-05-17T23:15:20.490420+00:00
930,INPROC_B1C70E,1,10,team2,Team 2 (E/W),38,82,7,♣,finished,2026-05-17T23:15:20.504816+00:00
931,INPROC_1C5C04,1,10,team1,Team 1 (N/S),73,47,35,♠,finished,2026-05-17T23:15:20.519011+00:00
932,INPROC_F5B4E8,1,10,team2,Team 2 (E/W),24,96,28,♥,finished,2026-05-17T23:15:20.533122+00:00
933,INPROC_EC5219,1,10,team2,Team 2 (E/W),57,63,0,♣,finished,2026-05-17T23:15:20.547142+00:00
934,INPROC_B80BC0,1,10,team1,Team 1 (N/S),86,34,12,♦,finished,2026-05-17T23:15:20.561220+00:00
935,INPROC_618EB5,1,10,team1,Team 1 (N/S),69,51,32,♠,finished,2026-05-17T23:15:20.575561+00:00
936,INPROC_20DCFA,1,10,team1,Team 1 (N/S),68,52,26,♥,finished,2026-05-17T23:15:20.589643+00:00
937,INPROC_A90ADC,1,10,team2,Team 2 (E/W),33,87,18,♦,finished,2026-05-17T23:15:20.604006+00:00
938,INPROC_3BFC5B,1,10,team1,Team 1 (N/S),80,40,7,♣,finished,2026-05-17T23:15:20.618105+00:00
939,INPROC_988D7A,1,10,team1,Team 1 (N/S),70,50,33,♠,finished,2026-05-17T23:15:20.632133+00:00
940,INPROC_438F13,1,10,team2,Team 2 (E/W),48,72,39,♠,finished,2026-05-17T23:15:20.646281+00:00
941,INPROC_C1BF68,1,10,team2,Team 2 (E/W),45,75,25,♥,finished,2026-05-17T23:15:20.661260+00:00
942,INPROC_3C45A6,1,10,team1,Team 1 (N/S),71,49,18,♦,finished,2026-05-17T23:15:20.675510+00:00
943,INPROC_CEF3CE,1,10,team2,Team 2 (E/W),59,61,24,♥,finished,2026-05-17T23:15:20.689585+00:00
944,INPROC_C0B994,1,10,team2,Team 2 (E/W),13,107,9,♣,finished,2026-05-17T23:15:20.703677+00:00
945,INPROC_D36694,1,10,team1,Team 1 (N/S),63,57,17,♦,finished,2026-05-17T23:15:20.717754+00:00
946,INPROC_77D931,1,10,team1,Team 1 (N/S),105,15,0,♣,finished,2026-05-17T23:15:20.731946+00:00
947,INPROC_2D7890,1,10,team2,Team 2 (E/W),32,88,16,♦,finished,2026-05-17T23:15:20.746131+00:00
948,INPROC_31D667,1,10,team1,Team 1 (N/S),79,41,35,♠,finished,2026-05-17T23:15:20.760269+00:00
949,INPROC_751F67,1,10,team2,Team 2 (E/W),47,73,20,♥,finished,2026-05-17T23:15:20.774522+00:00
950,INPROC_28C104,1,10,team2,Team 2 (E/W),45,75,17,♦,finished,2026-05-17T23:15:20.788857+00:00
951,INPROC_A3E86A,1,10,team2,Team 2 (E/W),53,67,24,♥,finished,2026-05-17T23:15:20.804072+00:00
952,INPROC_D7A540,1,10,team1,Team 1 (N/S),66,54,15,♦,finished,2026-05-17T23:15:20.819274+00:00
953,INPROC_84E374,1,10,team1,Team 1 (N/S),61,59,37,♠,finished,2026-05-17T23:15:20.834249+00:00
954,INPROC_36565B,1,10,team1,Team 1 (N/S),65,55,16,♦,finished,2026-05-17T23:15:20.848947+00:00
955,INPROC_F0B402,1,10,team1,Team 1 (N/S),73,47,29,♥,finished,2026-05-17T23:15:20.863121+00:00
956,INPROC_41870B,1,10,team1,Team 1 (N/S),79,41,15,♦,finished,2026-05-17T23:15:20.877227+00:00
957,INPROC_DDB2FE,1,10,team2,Team 2 (E/W),42,78,10,♦,finished,2026-05-17T23:15:20.891321+00:00
958,INPROC_49AA16,1,10,team1,Team 1 (N/S),66,54,4,♣,finished,2026-05-17T23:15:20.905516+00:00
959,INPROC_81EE4D,1,10,team1,Team 1 (N/S),115,5,30,♠,finished,2026-05-17T23:15:20.919623+00:00
960,INPROC_152F4E,1,10,team1,Team 1 (N/S),69,51,22,♥,finished,2026-05-17T23:15:20.933677+00:00
961,INPROC_7118BB,1,10,team1,Team 1 (N/S),81,39,9,♣,finished,2026-05-17T23:15:20.948179+00:00
962,INPROC_BBDD89,1,10,team1,Team 1 (N/S),103,17,27,♥,finished,2026-05-17T23:15:20.962989+00:00
963,INPROC_19021A,1,10,team2,Team 2 (E/W),45,75,18,♦,finished,2026-05-17T23:15:20.977728+00:00
964,INPROC_377294,1,10,team1,Team 1 (N/S),87,33,37,♠,finished,2026-05-17T23:15:20.992313+00:00
965,INPROC_4E402E,1,10,team1,Team 1 (N/S),87,33,34,♠,finished,2026-05-17T23:15:21.007257+00:00
966,INPROC_CC9413,1,10,team1,Team 1 (N/S),74,46,26,♥,finished,2026-05-17T23:15:21.022763+00:00
967,INPROC_0B427A,1,10,team2,Team 2 (E/W),36,84,9,♣,finished,2026-05-17T23:15:21.038504+00:00
968,INPROC_1238F9,1,10,team2,Team 2 (E/W),48,72,0,♣,finished,2026-05-17T23:15:21.053493+00:00
969,INPROC_5C0B06,1,10,team1,Team 1 (N/S),84,36,30,♠,finished,2026-05-17T23:15:21.068711+00:00
970,INPROC_C1565C,1,10,team1,Team 1 (N/S),68,52,22,♥,finished,2026-05-17T23:15:21.084016+00:00
971,INPROC_1D49CD,1,10,team2,Team 2 (E/W),22,98,9,♣,finished,2026-05-17T23:15:21.098251+00:00
972,INPROC_C7BA6F,1,10,team1,Team 1 (N/S),68,52,14,♦,finished,2026-05-17T23:15:21.112188+00:00
973,INPROC_38F649,1,10,team1,Team 1 (N/S),80,40,34,♠,finished,2026-05-17T23:15:21.126350+00:00
974,INPROC_216CC6,1,10,team2,Team 2 (E/W),54,66,19,♦,finished,2026-05-17T23:15:21.140502+00:00
975,INPROC_860241,1,10,team2,Team 2 (E/W),38,82,3,♣,finished,2026-05-17T23:15:21.154973+00:00
976,INPROC_0CF1C4,1,10,team2,Team 2 (E/W),28,92,9,♣,finished,2026-05-17T23:15:21.169079+00:00
977,INPROC_4C5AC5,1,10,team1,Team 1 (N/S),72,48,28,♥,finished,2026-05-17T23:15:21.183171+00:00
978,INPROC_D44B33,1,10,team2,Team 2 (E/W),38,82,9,♣,finished,2026-05-17T23:15:21.197314+00:00
979,INPROC_BC9405,1,10,team2,Team 2 (E/W),5,115,23,♥,finished,2026-05-17T23:15:21.211670+00:00
980,INPROC_B1311C,1,10,draw,draw,60,60,31,♠,finished,2026-05-17T23:15:21.226937+00:00
981,INPROC_83E549,1,10,draw,draw,60,60,33,♠,finished,2026-05-17T23:15:21.241777+00:00
982,INPROC_369B11,1,10,team1,Team 1 (N/S),77,43,30,♠,finished,2026-05-17T23:15:21.256279+00:00
983,INPROC_43F3B4,1,10,team2,Team 2 (E/W),48,72,15,♦,finished,2026-05-17T23:15:21.270614+00:00
984,INPROC_E26BD6,1,10,team1,Team 1 (N/S),89,31,26,♥,finished,2026-05-17T23:15:21.284577+00:00
985,INPROC_762F59,1,10,team1,Team 1 (N/S),67,53,36,♠,finished,2026-05-17T23:15:21.298516+00:00
986,INPROC_A9796E,1,10,team1,Team 1 (N/S),94,26,14,♦,finished,2026-05-17T23:15:21.312494+00:00
987,INPROC_4E2A43,1,10,team1,Team 1 (N/S),70,50,24,♥,finished,2026-05-17T23:15:21.326980+00:00
988,INPROC_AAB667,1,10,team1,Team 1 (N/S),75,45,14,♦,finished,2026-05-17T23:15:21.341379+00:00
989,INPROC_643755,1,10,team1,Team 1 (N/S),62,58,10,♦,finished,2026-05-17T23:15:21.355737+00:00
990,INPROC_40BE01,1,10,team1,Team 1 (N/S),62,58,15,♦,finished,2026-05-17T23:15:21.370396+00:00
991,INPROC_4A7C23,1,10,team2,Team 2 (E/W),35,85,9,♣,finished,2026-05-17T23:15:21.385549+00:00
992,INPROC_FBEED6,1,10,team1,Team 1 (N/S),67,53,12,♦,finished,2026-05-17T23:15:21.400629+00:00
993,INPROC_7264BE,1,10,team1,Team 1 (N/S),72,48,15,♦,finished,2026-05-17T23:15:21.416157+00:00
994,INPROC_2B39D3,1,10,team1,Team 1 (N/S),95,25,32,♠,finished,2026-05-17T23:15:21.431072+00:00
995,INPROC_CAFC2D,1,10,team1,Team 1 (N/S),105,15,4,♣,finished,2026-05-17T23:15:21.445785+00:00
996,INPROC_9E2A17,1,10,team2,Team 2 (E/W),57,63,28,♥,finished,2026-05-17T23:15:21.460870+00:00
997,INPROC_6D0CB1,1,10,team1,Team 1 (N/S),98,22,23,♥,finished,2026-05-17T23:15:21.476074+00:00
998,INPROC_C1C58D,1,10,team2,Team 2 (E/W),50,70,9,♣,finished,2026-05-17T23:15:21.491028+00:00
999,INPROC_80FCEC,1,10,team2,Team 2 (E/W),52,68,18,♦,finished,2026-05-17T23:15:21.506411+00:00
1000,INPROC_AE4F9C,1,10,team1,Team 1 (N/S),79,41,36,♠,finished,2026-05-17T23:15:21.521903+00:00
